{
    "axiom.buildertool.clone": "Клониране",
    "axiom.buildertool.clone.finish": "Готово",
    "axiom.buildertool.cancel": "Отказ",
    "axiom.buildertool.clone.scroll": "Превърти за клониране",
    "axiom.buildertool.confirm": "Потвърди",
    "axiom.buildertool.erase": "Изтриване",
    "axiom.buildertool.erase.delete": "Изтрий",
    "axiom.buildertool.erase.erase_box": "Изтрий куб",
    "axiom.buildertool.erase.erase_connected": "Изтрий свързаните",
    "axiom.buildertool.first_point": "Първа точка",
    "axiom.buildertool.move": "Преместване",
    "axiom.buildertool.scroll_extend": "Кликни за разширение",
    "axiom.buildertool.move.scroll": "Превърти за преместване",
    "axiom.buildertool.second_point": "Втора точка",
    "axiom.buildertool.smear": "Намазване",
    "axiom.buildertool.stack": "Трупане",
    "axiom.buildertool.smear.scroll": "Превърти за намазване",
    "axiom.buildertool.stack.scroll": "Превърти за трупане",
    "axiom.capability.bulldozer.title": "Булдозер",
    "axiom.capability.bulldozer.description": "Задръжте %s за да чупите блокове много бързо",
    "axiom.capability.fast_place.description": "Поставяне на блокове много бързо и по контролиран начин",
    "axiom.capability.fast_place.title": "Бързо поставяне",
    "axiom.capability.force_place.description": "Игнориране на ограниченията за поставяне на блокове",
    "axiom.capability.force_place.title": "Принудително поставяне",
    "axiom.capability.infinite_reach.description": "Премахване на лимита на обхват",
    "axiom.capability.infinite_reach.title": "Безкраен обхват",
    "axiom.capability.no_updates.description": "Спиране на обновяване на съседните блокове при поставяне/чупене",
    "axiom.capability.no_updates.title": "Без блокови подновявания",
    "axiom.capability.replace_mode.description": "Десен бутон за замяна със задържан блок",
    "axiom.capability.replace_mode.title": "Заменяващ режим",
    "axiom.capability.tinker.description": "Разнообразни полезни интеракции при десен клик с ръката",
    "axiom.capability.tinker.title": "Тинкър",
    "axiom.contextmenu.flight_momentum": "Полетна инерция: %s%%",
    "axiom.contextmenu.infinite_reach_limit": "Лимит на безкраен обхват: %s блока",
    "axiom.contextmenu.infinite_reach_limit_none": "Лимит на безкраен обхват: ∞",
    "axiom.contextmenu.liquid_opacity": "Непрозрачност на течности: %s%%",
    "axiom.contextmenu.min_brightness": "Минимална яркост: %s%%",
    "axiom.editorui.hold_for_more_options": "Задръжте %s за повече опции",
    "axiom.editorui.mainmenu.create": "Създаване",
    "axiom.editorui.mainmenu.create.cone": "Конус...",
    "axiom.editorui.mainmenu.create.cylinder": "Цилиндър...",
    "axiom.editorui.mainmenu.create.sphere": "Сфера...",
    "axiom.editorui.mainmenu.edit": "Редактиране",
    "axiom.editorui.left_mouse_short": "Ляв бутон",
    "axiom.editorui.mainmenu.create.cuboid": "Кубоид...",
    "axiom.editorui.mainmenu.create.pyramid": "Пирамида...",
    "axiom.editorui.mainmenu.edit.copy": "Копирай",
    "axiom.editorui.mainmenu.edit.cut": "Изрежи",
    "axiom.editorui.mainmenu.edit.redo": "Върни",
    "axiom.editorui.mainmenu.edit.redo_named": "Върни %s",
    "axiom.editorui.mainmenu.edit.undo_named": "Отмени %s",
    "axiom.editorui.mainmenu.help": "Помощ",
    "axiom.editorui.mainmenu.edit.undo": "Отмени",
    "axiom.editorui.mainmenu.help.discord_server": "Discord Сървър...",
    "axiom.editorui.mainmenu.help.documentation": "Документация...",
    "axiom.editorui.mainmenu.help.keybinds": "Клавишни комбинации...",
    "axiom.editorui.mainmenu.help.style_editor": "Редактор на стил...",
    "axiom.editorui.mainmenu.operations": "Операции",
    "axiom.editorui.mainmenu.operations.analyze": "Анализ...",
    "axiom.editorui.mainmenu.operations.drain": "Изцеди",
    "axiom.editorui.mainmenu.operations.fill_bottom": "Запълване на дъното...",
    "axiom.editorui.mainmenu.operations.fill_category": "Запълване",
    "axiom.editorui.mainmenu.operations.fill_description": "Запълване на селекцията с блок",
    "axiom.editorui.mainmenu.operations.fill_nearest": "Запълни с най-близкия блок",
    "axiom.editorui.mainmenu.operations.fill_nearest_description": "Замяна на въздуха с най-близкия невъздушен блок",
    "axiom.editorui.mainmenu.operations.fill_outline": "Запълване на очертание...",
    "axiom.editorui.mainmenu.operations.fill_top": "Запълване на върха...",
    "axiom.editorui.mainmenu.operations.fill_walls": "Запълване на стените...",
    "axiom.editorui.mainmenu.operations.replace": "Замяна...",
    "axiom.editorui.mainmenu.operations.fill": "Запълване...",
    "axiom.editorui.mainmenu.operations.fill_bottom_description": "Запълване на долните ръбове на селекцията с блок",
    "axiom.editorui.mainmenu.operations.fill_outline_description": "Запълване на всички ръбове на селекцията с блок",
    "axiom.editorui.mainmenu.operations.fill_top_description": "Запълване на горните ръбове на селекцията с блок",
    "axiom.editorui.mainmenu.operations.fill_walls_description": "Запълване на хоризонталните ръбове на селекцията с блок",
    "axiom.editorui.mainmenu.operations.gravity": "Гравитация",
    "axiom.editorui.mainmenu.help.reset_tutorial": "Възстановяване на уроци",
    "axiom.editorui.mainmenu.operations.set_biome": "Промяна на природна зона...",
    "axiom.editorui.mainmenu.select": "Селекция",
    "axiom.editorui.mainmenu.operations.simulation_category": "Симулация",
    "axiom.editorui.mainmenu.operations.waterlog": "Наводни",
    "axiom.editorui.mainmenu.select.clear": "Изчисти",
    "axiom.editorui.mainmenu.select.mask": "Маскиране...",
    "axiom.editorui.mainmenu.select.shrink": "Свиване...",
    "axiom.editorui.mainmenu.select.smooth": "Изглаждане...",
    "axiom.editorui.mainmenu.select.distort": "Деформиране...",
    "axiom.editorui.mainmenu.select.expand": "Разширяване...",
    "axiom.editorui.mainmenu.toolmasks.clear": "Изчисти",
    "axiom.editorui.mainmenu.toolmasks": "Маски за инструменти",
    "axiom.editorui.mainmenu.toolmasks.edit": "Редактиране...",
    "axiom.editorui.mainmenu.view.min_brightness": "Минимална яркост",
    "axiom.editorui.mainmenu.view": "Изглед",
    "axiom.editorui.mainmenu.view.liquid_opacity": "Непрозрачност на течности",
    "axiom.editorui.mainmenu.view.show_key_presses": "Покажи натиснати клавиши",
    "axiom.editorui.mainmenu.view.show_biomes": "Покажи природни зони",
    "axiom.editorui.mainmenu.view.show_selection": "Покажи селекцията",
    "axiom.editorui.mainmenu.view.ui_scale": "Мащаб на интерфейса",
    "axiom.editorui.mainmenu.window": "Прозорец",
    "axiom.editorui.mainmenu.window.windows": "Прозореци",
    "axiom.editorui.middle_mouse_short": "Среден бутон",
    "axiom.editorui.multiple_keybinds": "Няколко",
    "axiom.editorui.no_keybind": "Нищо",
    "axiom.editorui.pin_world": "Закачи света",
    "axiom.editorui.right_mouse_short": "Десен бутон",
    "axiom.editorui.pin_location": "Закачи локация",
    "axiom.editorui.spectators_generate_chunks_warning": "Внимание: Правилото spectatorsGenerateChunks е зададено на false; това ще доведе до сериозни проблеми с интерфейса на редактора. Моля, задайте правилото на true",
    "axiom.editorui.styles.imgui_light": "ImGui Светло",
    "axiom.editorui.view.create_new": "Нов изглед",
    "axiom.editorui.view.main_name": "Основен",
    "axiom.editorui.window.active_block": "Активен блок",
    "axiom.editorui.styles.imgui_dark": "ImGui Тъмно",
    "axiom.editorui.view.new_view_name": "Нов изглед",
    "axiom.editorui.window.active_block.edit_properties_below": "*Промените свойства по-долу",
    "axiom.editorui.window.analyze": "Анализ",
    "axiom.editorui.window.analyze.block_count": "Брой",
    "axiom.editorui.window.block_distribution_total": "Общо",
    "axiom.editorui.window.analyze.block_distribution": "Дистрибуция",
    "axiom.editorui.window.analyze.block_type": "Блок",
    "axiom.editorui.window.analyze.clear_information": "Изчисти",
    "axiom.editorui.window.analyze.do_analyze": "Анализирай",
    "axiom.editorui.window.blueprint_browser.add_folder": "Добави папка",
    "axiom.editorui.window.blueprint_browser.close": "Затвори",
    "axiom.editorui.window.blueprint_browser.automatically_refresh": "Автоматично подновяване",
    "axiom.editorui.window.blueprint_browser.confirm": "Потвърди",
    "axiom.editorui.window.blueprint_browser.delete": "Изтрий",
    "axiom.editorui.window.blueprint_browser.disable_auto_refresh": "Деактивирай автоматично подновяване",
    "axiom.editorui.window.blueprint_browser.file_browser_other": "системния файлов мениджър",
    "axiom.editorui.window.blueprint_browser.file_browser_win": "системния файлов мениджър",
    "axiom.editorui.window.blueprint_browser.file_missing": "Няма такъв файл!",
    "axiom.editorui.window.blueprint_browser.file_missing_message1": "Файлът '%s' вече не съществува!",
    "axiom.editorui.window.blueprint_browser.move_file": "Премести",
    "axiom.editorui.window.blueprint_browser.file_missing_message2": "Преместихте/изтрихте ли го чрез %s?",
    "axiom.editorui.window.blueprint_browser.move_file_already_exists": "Файлът '%s' вече съществува в папката",
    "axiom.editorui.window.blueprint_browser.move_file_overwrite": "Презапиши",
    "axiom.editorui.window.blueprint_browser.new_folder": "Нова папка",
    "axiom.editorui.window.blueprint_browser.new_folder_i": "Нова папка (%s)",
    "axiom.editorui.window.blueprint_browser.overflow_files": "Претоварване!",
    "axiom.editorui.window.blueprint_browser.overflow_files_message": "Открито е голямо количество файлови промени",
    "axiom.editorui.window.blueprint_browser.reload": "Обнови",
    "axiom.editorui.window.blueprint_browser.rename_file": "Преименувай файла",
    "axiom.editorui.window.blueprint_browser.sort_by": "Сортиране по",
    "axiom.editorui.window.blueprint_browser.sort_by.ascending": "Възходящо",
    "axiom.editorui.window.blueprint_browser.sort_by.block_count": "Брой блокове",
    "axiom.editorui.window.blueprint_browser.unnamed_blueprint": "Без име",
    "axiom.editorui.window.clipboard": "Клипборд",
    "axiom.editorui.window.clipboard.clear": "Изчисти",
    "axiom.editorui.window.clipboard.n_blocks": "%s блока",
    "axiom.editorui.window.clipboard.placement_options.keep_existing": "Запази съществуващите",
    "axiom.editorui.window.blueprint_browser.sort_by.descending": "Низходящо",
    "axiom.editorui.window.blueprint_browser.sort_by.name": "Име",
    "axiom.editorui.window.clipboard.copy_hint": "%s за да копирате селекцията в клипборда",
    "axiom.editorui.window.clipboard.empty": "Празен",
    "axiom.editorui.window.clipboard.placement_options": "Опции за поставяне",
    "axiom.editorui.window.clipboard.placement_options.paste_air": "Постави въздух",
    "axiom.editorui.window.clipboard.placement_options.rotate": "Завъртане...",
    "axiom.editorui.window.create_blueprint.angle": "Ъгъл",
    "axiom.editorui.window.create_blueprint.author": "Автор",
    "axiom.editorui.window.create_blueprint.name": "Име",
    "axiom.editorui.window.create_blueprint.save": "Запази",
    "axiom.editorui.window.create_shape": "Създаване на фигура",
    "axiom.editorui.window.create_shape.cone": "Конус",
    "axiom.editorui.window.create_shape.cuboid": "Кубоид",
    "axiom.editorui.window.create_shape.cylinder": "Цилиндър",
    "axiom.editorui.window.create_shape.advanced": "Разширени опции",
    "axiom.editorui.window.create_shape.copied": "Копирано!",
    "axiom.editorui.window.create_shape.copy_to_clipboard": "Копирай в клипборда",
    "axiom.editorui.window.create_shape.do_place": "Постави",
    "axiom.editorui.window.create_shape.height": "Височина",
    "axiom.editorui.window.create_shape.pyramid": "Пирамида",
    "axiom.editorui.window.create_shape.radius": "Радиус",
    "axiom.editorui.window.create_shape.separate_xz": "Отделно XZ",
    "axiom.editorui.window.create_shape.shape": "Фигура",
    "axiom.editorui.window.create_shape.sphere": "Сфера",
    "axiom.editorui.window.create_shape.width": "Широчина",
    "axiom.editorui.window.distort_selection": "Деформиране на селекцията",
    "axiom.editorui.window.distort_selection.distance": "Дистанция",
    "axiom.editorui.window.create_shape.separate_xyz": "Отделно XYZ",
    "axiom.editorui.window.distort_selection.do_distort": "Деформирай",
    "axiom.editorui.window.distort_selection.noise_radius": "Радиус на шума",
    "axiom.editorui.window.expand_selection.do_expand": "Разшири",
    "axiom.editorui.window.expand_selection": "Разширяване на селекцията",
    "axiom.editorui.window.fill": "Запълване",
    "axiom.editorui.window.fill.all": "Цялото",
    "axiom.editorui.window.fill.bottom": "Дъното",
    "axiom.editorui.window.expand_selection.expand_selection_by": "Разшири селекцията по",
    "axiom.editorui.window.fill.do_fill": "Напълни",
    "axiom.editorui.window.fill.inside": "Вътре",
    "axiom.editorui.window.fill.outline": "Очертание",
    "axiom.editorui.window.fill.top": "Върха",
    "axiom.editorui.window.fill.walls": "Стените",
    "axiom.editorui.window.history": "История",
    "axiom.editorui.window.history.no_history": "Няма история",
    "axiom.editorui.window.keybinds": "Клавишни комбинации",
    "axiom.editorui.window.keybinds.conflicts_with": "Тази комбинация е в конфликт със:",
    "axiom.editorui.window.keybinds.unbind": "Изчисти",
    "axiom.editorui.window.mask_selection": "Маскиране на селекцията",
    "axiom.editorui.window.mask_selection.mask": "Маскирай",
    "axiom.editorui.window.palette": "Палитра",
    "axiom.editorui.window.palette.add_block_to": "Добавяне на блок към %s",
    "axiom.editorui.window.palette.add_new_block": "Добави нов блок",
    "axiom.editorui.window.palette.add_new_category": "Добави нова категория",
    "axiom.editorui.window.palette.after": "След %s",
    "axiom.editorui.window.palette.are_you_sure_delete": "Сигурни ли сте, че искате да изтриете '%s'?",
    "axiom.editorui.window.palette.before": "Преди %s",
    "axiom.editorui.window.palette.cannot_be_undone": "Тази операция НЕ МОЖЕ да се отмени",
    "axiom.editorui.window.palette.child_of": "Подкатегория на %s",
    "axiom.editorui.window.palette.custom": "Собствени",
    "axiom.editorui.window.palette.custom_empty": "Празен (десен бутон за добавяне)",
    "axiom.editorui.window.palette.delete": "Изтрий %s",
    "axiom.editorui.window.palette.invalid_name_blank": "Невалидно име: не може да бъде празно",
    "axiom.editorui.window.palette.invalid_name_contains_hash": "Невалидно име: не може да включва '#'",
    "axiom.editorui.window.palette.invalid_name_duplicate": "Дублирано име: %s вече съществува",
    "axiom.editorui.window.palette.recently_used": "Скорошни",
    "axiom.editorui.window.palette.remove_block": "Премахни блока",
    "axiom.editorui.window.palette.rename": "Преименувай %s",
    "axiom.editorui.window.palette.this_will_delete_children": "Това също ще изтрие всичките %s подкатегории",
    "axiom.editorui.window.replace": "Замяна",
    "axiom.editorui.window.replace.do_replace": "Замени",
    "axiom.editorui.window.set_biome": "Промяна на природна зона",
    "axiom.editorui.window.set_biome.do_set_biome": "Промени",
    "axiom.editorui.window.set_biome.fill_vertically": "Напълни вертикално",
    "axiom.editorui.window.shrink_selection": "Свиване на селекцията",
    "axiom.editorui.window.shrink_selection.do_shrink": "Свий",
    "axiom.editorui.window.shrink_selection.shrink_selection_by": "Свий селекцията по",
    "axiom.editorui.window.smooth_selection": "Изглаждане на селекцията",
    "axiom.editorui.window.smooth_selection.stddev": "Стандартно отклонение",
    "axiom.editorui.window.style_editor": "Редактор на стил",
    "axiom.editorui.window.smooth_selection.do_smooth": "Изглади",
    "axiom.editorui.window.style_editor.base_style": "Основен стил",
    "axiom.editorui.window.style_editor.button": "Бутон",
    "axiom.editorui.window.style_editor.button_active": "Бутон (активен)",
    "axiom.editorui.window.style_editor.color": "Цвят",
    "axiom.editorui.window.style_editor.copied": "Копирано!",
    "axiom.editorui.window.style_editor.text": "Текст",
    "axiom.editorui.window.style_editor.text_category": "Текст",
    "axiom.editorui.window.target_info.distance": "Дистанция: %s",
    "axiom.editorui.window.target_info.position": "Позиция: %s, %s, %s",
    "axiom.editorui.window.target_info.targeted_biome": "Природна зона: %s",
    "axiom.editorui.window.tool_masks": "Маски за инструменти",
    "axiom.editorui.window.tool_masks.logic": "Логика",
    "axiom.editorui.window.target_info.targeted_block": "Блок: %s",
    "axiom.editorui.window.tool_masks.mask_above": "Над",
    "axiom.editorui.window.tool_masks.mask_angle": "Ъгъл",
    "axiom.editorui.window.tool_masks.mask_inselection": "В селекцията",
    "axiom.editorui.window.tool_masks.mask_neighbor": "Съседно",
    "axiom.editorui.window.tool_masks.mask_below": "Под",
    "axiom.editorui.window.tool_masks.mask_block": "Блок",
    "axiom.editorui.window.tool_masks.mask_near": "Близо",
    "axiom.editorui.window.tool_masks.masks": "Маски",
    "axiom.editorui.window.tool_masks.mode": "Режим",
    "axiom.editorui.window.tool_options": "Опции на инструмента",
    "axiom.editorui.window.tool_options.no_active_tool": "Няма активен инструмент",
    "axiom.editorui.window.tools": "Инструменти",
    "axiom.editorui.window.world_properties": "Свойства на света",
    "axiom.editorui.window.world_properties.blocks": "Блокове",
    "axiom.editorui.window.world_properties.day": "Ден",
    "axiom.editorui.window.world_properties.freeze_time": "Спри часа",
    "axiom.editorui.window.world_properties.noon": "Обед",
    "axiom.editorui.window.world_properties.trample_farmland": "Утъпкване на обработваема земя",
    "axiom.editorui.window.world_properties.midnight": "Полунощ",
    "axiom.editorui.window.world_properties.night": "Нощ",
    "axiom.editorui.window.world_properties.player": "Играчи",
    "axiom.editorui.window.world_properties.time": "Часа",
    "axiom.editorui.window.world_properties.unavailable_description": "Сървърът не поддържа редактиране на свойствата на света",
    "axiom.keybind": "Axiom",
    "axiom.keybind_capabilities": "Axiom (Възможности)",
    "axiom.keybind_categories.edit": "Редактиране",
    "axiom.keybind_categories.view": "Изглед",
    "axiom.keybinds.copy": "Копирай",
    "axiom.keybinds.cut": "Изрежи",
    "axiom.keybinds.move_backward": "Движение назад",
    "axiom.keybinds.move_down": "Движение надолу",
    "axiom.keybinds.move_left": "Движение наляво",
    "axiom.keybinds.move_right": "Движение надясно",
    "axiom.keybinds.move_up": "Движение нагоре",
    "axiom.keybinds.paste": "Постави",
    "axiom.keybinds.pick_block": "Вземи блок",
    "axiom.keybinds.move_forward": "Движение напред",
    "axiom.keybinds.quick_fill": "Бързо запълване",
    "axiom.keybinds.quick_fill.fill_with": "Напълни с...",
    "axiom.keybinds.quick_replace": "Бърза замяна",
    "axiom.keybinds.quick_replace.replace_from": "Замени (от)",
    "axiom.keybinds.quick_replace.replace_to": "Замени (с)",
    "axiom.keybinds.redo": "Върни",
    "axiom.tool.text.text_input": "Текст",
    "axiom.tool.text.text_size": "Размер",
    "axiom.tool.weld": "Заваряване",
    "axiom.tool.weld.strength": "Сила",
    "axiom.tutorial.continue": "Продължи",
    "axiom.widget.cancel": "Отказ",
    "axiom.widget.error": "Грешка",
    "axiom.widget.ok": "OK",
    "axiom.tool.text": "Текст",
    "axiom.widget.confirm": "Потвърди",
    "axiom.widget.remove_blueprint_tag": "Премахни",
    "axiom.widget.rename": "Преименувай",
    "axiom.widget.search_block": "Търсене",
    "axiom.editorui.window.blueprint_browser.file_browser_osx": "системния файлов мениджър",
    "axiom.editorui.window.create_shape.hollow": "Кух",
    "axiom.editorui.window.target_info.no_target": "Няма посочен блок",
    "axiom.keybinds.show_biomes": "Покажи природни зони",
    "axiom.keybinds.show_selection": "Покажи селекцията",
    "axiom.keybinds.undo": "Отмени",
    "axiom.keymod.alt": "Alt",
    "axiom.keymod.mac_cmd": "Cmd",
    "axiom.keymod.ctrl": "Ctrl",
    "axiom.keymod.shift": "Shift",
    "axiom.keymod.super": "Super",
    "axiom.keymod.win_super": "Win",
    "axiom.keybinds.use_tool": "Ползвай инструмента",
    "axiom.keybinds.rotate_camera": "Завърти камерата",
    "axiom.keybinds.rotate_placement": "Завърти поставянето",
    "axiom.keybind_categories.movement": "Движение",
    "axiom.keybind_categories.operations": "Операции",
    "axiom.keybind_categories.placement": "Поставяне",
    "axiom.keybinds.pan_camera": "Панорамирай камерата",
    "axiom.keybinds.flip_placement": "Преобърни поставянето",
    "axiom.history_description.cloned": "Клонирани %s блока",
    "axiom.history_description.cut": "Изрязани %s блока",
    "axiom.history_description.deleted": "Изтрити %s блока",
    "axiom.history_description.deselected": "Деселектирани %s блока",
    "axiom.history_description.deselected_all": "Деселектирани всички блокове",
    "axiom.history_description.distorted": "Деформирани %s блока",
    "axiom.history_description.expanded": "Разширени %s блока",
    "axiom.history_description.moved": "Преместени %s блока",
    "axiom.history_description.painted": "Боядисани %s блока",
    "axiom.history_description.placed_blueprint": "Поставен %s",
    "axiom.history_description.placed": "Поставени %s блока",
    "axiom.history_description.selected": "Селектирани %s блока",
    "axiom.history_description.selected_additional": "Селектирани +%s блока",
    "axiom.history_description.set_n_blocks_to": "Променени %s блока на %s",
    "axiom.history_description.shatter": "Разпукани %s блока",
    "axiom.history_description.smoothed": "Изгладени %s блока",
    "axiom.history_description.stacked": "Натрупани %s блока",
    "axiom.history_description.text_tool": "Текст (%s блока)",
    "axiom.editorui.window.target_info": "Посочен блок",
    "axiom.history_description.welded": "Заварени %s блока",
    "axiom.key.scroll_down": "Превърти надолу",
    "axiom.key.scroll_left": "Превърти наляво",
    "axiom.key.scroll_right": "Превърти надясно",
    "axiom.key.scroll_up": "Превърти нагоре",
    "axiom.toasts.enabled": "'%s' е активиран",
    "axiom.toasts.disabled": "'%s' е деактивиран",
    "axiom.contextmenu.type_replace": "Замяна на тип",
    "axiom.keybind.toggle_bulldozer_cap": "Превключване на „Булдозер“",
    "axiom.keybind.toggle_editor_ui": "Превключване на интерфейса на редактора",
    "axiom.keybind.toggle_fast_place_cap": "Превключване на „Бързо поставяне“",
    "axiom.keybind.toggle_force_place_cap": "Превключване на „Принудително поставяне“",
    "axiom.keybind.toggle_infinite_reach_cap": "Превключване на „Безкраен обхват“",
    "axiom.keybind.toggle_no_updates_cap": "Превключване на „Без блокови подновявания“",
    "axiom.keybind.toggle_replace_mode_cap": "Превключване на „Заменяващ режим“",
    "axiom.keybind.toggle_tinker_cap": "Превключване на „Тинкър“",
    "axiom.keybind.builder_tool_slot": "Слот за строителни инструменти",
    "axiom.history_description.smeared": "Намазани %s блока",
    "axiom.widget.from_block": "От",
    "axiom.widget.to_block": "С",
    "axiom.editorui.window.blueprint_browser": "Браузър за чертежи",
    "axiom.editorui.window.create_blueprint.bp_filter_description": "Чертежни файлове",
    "axiom.editorui.window.create_blueprint": "Създаване на чертеж",
    "axiom.widget.add_blueprint_tag": "Добавяне на етикет",
    "axiom.widget.create_blueprint_tag": "Създай етикет",
    "axiom.editorui.window.blueprint_browser.edit_blueprint": "Редактирай чертежа",
    "axiom.editorui.mainmenu.edit.save_blueprint": "Запази чертеж",
    "axiom.widget.blueprint_tags": "Етикети",
    "axiom.widget.use_blueprint_tag": "Ползвай етикета",
    "axiom.keybinds.save_blueprint": "Запази чертеж",
    "axiom.editorui.window.create_blueprint.save_blueprint": "Запазване на чертеж",
    "axiom.widget.block_tags": "Групи",
    "axiom.widget.block_properties": "Свойства",
    "axiom.widget.delete": "Изтрий",
    "axiom.widget.false_block_property": "Не",
    "axiom.widget.true_block_property": "Да",
    "axiom.widget.select_block": "Избор на блок",
    "axiom.widget.error_biome_registry": "Липсва регистърът за природни зони!",
    "axiom.keybind.context": "Контекстно меню",
    "axiom.editorui.window.world_properties.unavailable": "Недостъпни",
    "axiom.editorui.window.world_properties.mob_spawning": "Създаване на мобове",
    "axiom.editorui.window.world_properties.random_tick_speed": "Скорост на случайни тикове",
    "axiom.editorui.window.world_properties.fire_tick": "Разпространение на огън",
    "axiom.editorui.window.world_properties.player_invulnerability": "Неуязвимост на играчи",
    "axiom.keybind_categories.basic": "Основни",
    "axiom.keybinds.crosshair_camera": "Мерник",
    "axiom.keybind_options.invert_camera_rotate": "Преобърнато въртене на камерата",
    "axiom.editorui.window.create_shape.yaw": "Yaw",
    "axiom.tool.ruler.yaw": "Yaw = %s",
    "axiom.editorui.window.create_shape.pitch": "Pitch",
    "axiom.tool.ruler.pitch": "Pitch = %s",
    "axiom.editorui.window.create_shape.roll": "Roll",
    "axiom.editorui.mainmenu.help.debug_info": "Инфо за дебъгване",
    "axiom.editorui.window.debug_info": "Инфо за дебъгване",
    "gamerule.axiomPlayerInvulnerability": "(Axiom) Неуязвимост на играчи",
    "gamerule.axiomDoTrampleFarmland": "(Axiom) Утъпкване на обработваема земя",
    "axiom.tool.generic.advanced_options": "Разширени опции",
    "axiom.tool.generic.brush": "Четка",
    "axiom.tool.generic.brush_radius": "Радиус",
    "axiom.tool.generic.brush_shape": "Фигура",
    "axiom.tool.generic.limit": "Лимит",
    "axiom.tool.generic.live_preview": "Преглед",
    "axiom.tool.generic.noise": "Шум",
    "axiom.tool.generic.smoothing_options": "Изглаждане",
    "axiom.tool.generic.surface_only": "Само повърхността",
    "axiom.tool.magic_select": "Магическа пръчка",
    "axiom.tool.magic_select.compare_mode": "Сравнение",
    "axiom.tool.magic_select.compare_solid": "Твърди",
    "axiom.tool.magic_select.compare_block": "Блок",
    "axiom.tool.magic_select.compare_blockstate": "Състояние на блока",
    "axiom.tool.melt": "Разтопяване",
    "axiom.tool.smooth.mode_melt": "Премахване",
    "axiom.tool.painter": "Боядисване",
    "axiom.tool.magic_select.compare_any": "Всеки",
    "axiom.tool.magic_select.range": "Обхват",
    "axiom.tool.generic.mask_surface": "Маска на повърхността",
    "axiom.tool.ruler": "Линийка",
    "axiom.tool.ruler.add_point": "Добави точка",
    "axiom.tool.ruler.information": "Информация",
    "axiom.tool.ruler.maximum": "Максимум = %s, %s, %s",
    "axiom.tool.ruler.minimum": "Минимум = %s, %s, %s",
    "axiom.tool.ruler.no_information": "N/A",
    "axiom.tool.ruler.point_i": "Точка %s",
    "axiom.tool.ruler.points": "Точки",
    "axiom.tool.ruler.remove_point_i": "Премахни точка %s",
    "axiom.tool.ruler.total_length_euclidean": "Обща дължина (Евклидова) = %s",
    "axiom.tool.ruler.total_length_manhattan": "Обща дължина (Манхатън) = %s",
    "axiom.tool.distort": "Деформиране",
    "axiom.tool.distort.distance": "Дистанция",
    "axiom.tool.distort.distance_x": "Дистанция X",
    "axiom.tool.distort.distance_y": "Дистанция Y",
    "axiom.tool.distort.distance_z": "Дистанция Z",
    "axiom.tool.distort.distortion": "Деформиране",
    "axiom.tool.distort.iterations": "Итерации",
    "axiom.tool.distort.scale": "Мащаб",
    "axiom.tool.distort.separate_axis": "Отделни оси",
    "axiom.tool.extrude": "Екструдиране",
    "axiom.tool.extrude.displace": "Измести",
    "axiom.tool.extrude.displace_expand_description": "Мести повърхности с дебелина на 1 блок, вместо да ги клонира",
    "axiom.tool.extrude.displace_shrink_description": "Мести повърхности с дебелина на 1 блок, вместо да ги изтрива",
    "axiom.tool.extrude.mode": "Режим",
    "axiom.tool.extrude.mode.expand": "Разширяване",
    "axiom.tool.extrude.mode.shrink": "Свиване",
    "axiom.tool.distort.smooth_edges": "Гладки краища",
    "axiom.tool.generic.reset_to_default": "Върни по подразбиране",
    "axiom.editorui.window.smooth_selection.threshold": "Праг",
    "axiom.tool.noise_painter.block_mode_threshold": "Праг",
    "axiom.tool.weld.threshold": "Праг",
    "axiom.tool.elevation": "Възвишение",
    "axiom.tool.elevation.lower": "Спускане",
    "axiom.tool.elevation.raise": "Покачване",
    "axiom.tool.elevation.raise_lower_mode": "Режим",
    "axiom.tool.box_select": "Селекция на куб",
    "axiom.tool.box_select.position": "Позиция",
    "axiom.tool.box_select.shrink": "Свий",
    "axiom.tool.box_select.shrink_description": "Свива селекцията до невъздушните блокове",
    "axiom.tool.box_select.size": "Размер",
    "axiom.tool.clentaminator": "Натурализатор",
    "axiom.tool.clentaminator.allow_tall_grass": "Разреши висока трева",
    "axiom.tool.clentaminator.clear": "Почистване",
    "axiom.tool.clentaminator.crop_type": "Тип култура",
    "axiom.tool.clentaminator.crops": "Култури",
    "axiom.tool.clentaminator.decorations": "Декорации",
    "axiom.tool.clentaminator.dirt_ground": "Пръст",
    "axiom.tool.clentaminator.farmland": "Обработваема земя",
    "axiom.tool.clentaminator.fertile_ocean_floor": "Плодородно океанско дъно",
    "axiom.tool.clentaminator.fully_grown": "Напълно пораснали",
    "axiom.tool.clentaminator.grass": "Трева",
    "axiom.tool.clentaminator.grass_block": "Трева",
    "axiom.tool.clentaminator.grassiness": "Затревеност",
    "axiom.tool.clentaminator.gravel_ground": "Чакъл",
    "axiom.tool.clentaminator.moist_farmland": "Мокра",
    "axiom.tool.clentaminator.sand": "Пясък",
    "axiom.tool.clentaminator.stone": "Камък",
    "axiom.tool.clentaminator.tall_grass_block": "Висока трева",
    "axiom.tool.clentaminator.terrain": "Терен",
    "axiom.history_description.drained_n": "Изцедени %s блока",
    "axiom.history_description.drew": "Рисувани %s блока",
    "axiom.history_description.elevation_tool": "Възвишение (%s блока)",
    "axiom.history_description.extrude_tool": "Екструдирани %s блока",
    "axiom.history_description.fill_nearest": "Запълни с най-близкия блок (%s блока)",
    "axiom.history_description.melted": "Разтопени %s блока",
    "axiom.history_description.modified": "Модифицирани %s блока",
    "axiom.history_description.shrunk": "Свито %s блока",
    "axiom.history_description.waterlogged_n": "Наводнени %s блока",
    "axiom.keybind.orbit_camera": "Орбитална камера",
    "axiom.keybind_options.use_vanilla_movement": "Ванилово движение",
    "axiom.keybinds.arcball_camera": "Орбитална камера",
    "axiom.keybinds.move_quick": "Бързо движение (спринт)",
    "axiom.tool.biome_painter": "Боядисване на природни зони",
    "axiom.tool.biome_painter.fill_vertically": "Напълни вертикално",
    "axiom.tool.biome_painter.visualize_biomes": "Покажи природни зони",
    "axiom.tool.shatter": "Разпукване",
    "axiom.tool.shatter.use_active_block": "Ползвай активния блок",
    "axiom.tool.shatter.width": "Ширина",
    "axiom.tool.shatter.axis_x": "X",
    "axiom.tool.shatter.axis_y": "Y",
    "axiom.tool.shatter.axis_z": "Z",
    "axiom.tool.shatter.axis_3d": "3D",
    "axiom.tool.shatter.axis": "Ос",
    "axiom.tool.shatter.scale": "Мащаб",
    "axiom.tool.sculpt_draw.strength": "Сила",
    "axiom.tool.selection": "Селекция",
    "axiom.tool.smooth.strength": "Сила",
    "axiom.tool.selection.mode": "Режим",
    "axiom.tool.slope.mode": "Режим",
    "axiom.tool.shape.cube": "Куб",
    "axiom.tool.shape.sphere": "Сфера",
    "axiom.tool.shape.octahedron": "Октаедър",
    "axiom.tool.noise_painter": "Боядисване на шум",
    "axiom.editorui.window.tool_masks.mask_y": "Y",
    "axiom.widget.any_block_property": "Всеки",
    "axiom.editorui.window.tool_masks.mask_all": "И",
    "axiom.editorui.window.tool_masks.mask_any": "Или",
    "axiom.editorui.window.tool_masks.mask_not": "Не",
    "axiom.editorui.window.tool_masks.mode_source": "Само източник",
    "axiom.editorui.window.tool_masks.mode_dest": "Само цел",
    "axiom.editorui.window.tool_masks.mode_source_and_dest": "Източник и цел",
    "axiom.editorui.window.world_properties.block_gravity": "Гравитация на блокове",
    "gamerule.axiomDoBlockGravity": "(Axiom) Гравитация на блокове",
    "axiom.editorui.window.world_properties.block_drops": "Изпускане на блокове",
    "gamerule.axiomDoBlockDrops": "(Axiom) Изпускане на блокове",
    "axiom.editorui.window.keybinds.load_blender_defaults": "Подобни на Blender",
    "axiom.editorui.window.keybinds.load_axiom_defaults": "Стандартните на Axiom",
    "axiom.editorui.window.keybinds.load_default": "Зареди комбинации по подразбиране...",
    "axiom.tool.noise_painter.blocks": "Блокове",
    "axiom.tool.noise_painter.block_mode_count": "Брой блокове",
    "axiom.tool.noise_painter.metaball_range": "Обхват",
    "axiom.tool.noise_painter.noise_preview": "Визуализация на шума",
    "axiom.tool.noise_painter.scale": "Мащаб",
    "axiom.tool.rock.noise_radius": "Радиус на шума",
    "axiom.tool.rock.noisiness": "Шумност",
    "axiom.tool.noise_painter.probability_density": "Плътност на вероятността",
    "axiom.tool.noise_painter.cumulative_distribution": "Кумулативно разпределение",
    "axiom.tool.noise_painter.3d_mode": "3D режим",
    "axiom.tool.rock.noise_field_seed.hint": "Рандомизирано",
    "axiom.tool.rock.smoothing_stddev": "Стандартно отклонение",
    "axiom.tool.smooth": "Изглаждане",
    "axiom.tool.smooth.mode_stable": "Стабилен",
    "axiom.tool.smooth.fix_edges": "Поправи краища",
    "axiom.tool.smooth.mode_grow": "Добавяне",
    "axiom.tool.smooth.modifiers": "Модификатори",
    "axiom.tool.slope.mode_cone": "Конус",
    "axiom.editorui.window.style_editor.border_color": "Граница",
    "axiom.editorui.window.style_editor.borders_category": "Граници",
    "axiom.editorui.window.style_editor.button_hovered": "Бутон (посочен)",
    "axiom.editorui.window.style_editor.checkmark": "Отметка",
    "axiom.editorui.window.style_editor.disabled_text": "Неактивен текст",
    "axiom.editorui.window.style_editor.child_borders": "Граници на подсекции",
    "axiom.editorui.window.style_editor.child_rounding": "Закръгляне на подсекции",
    "axiom.editorui.window.style_editor.frame_background": "Фон на рамка",
    "axiom.editorui.window.style_editor.frame_background_active": "Фон на рамка (активна)",
    "axiom.editorui.window.style_editor.frame_background_hovered": "Фон на рамка (посочена)",
    "axiom.editorui.window.style_editor.frame_borders": "Граници на рамки",
    "axiom.editorui.window.style_editor.frame_category": "Рамка",
    "axiom.editorui.window.style_editor.frame_rounding": "Закръгляне на рамки",
    "axiom.editorui.window.style_editor.header": "Заглавие",
    "axiom.editorui.window.style_editor.header_active": "Заглавие (активен)",
    "axiom.editorui.window.style_editor.header_hovered": "Заглавие (посочен)",
    "axiom.editorui.window.style_editor.import_from_clipboard": "Зареди от клипборда",
    "axiom.editorui.window.style_editor.export_to_clipboard": "Запази в клипборда",
    "axiom.editorui.window.style_editor.custom_theme": "Персонализирана тема",
    "axiom.editorui.window.style_editor.other_category": "Други",
    "axiom.editorui.window.style_editor.drag_drop_target": "Цел за плъзгане и пускане",
    "axiom.editorui.window.style_editor.popup_background": "Фон на изскачащо меню",
    "axiom.editorui.window.style_editor.popup_borders": "Граници на изскачащи менюта",
    "axiom.editorui.window.style_editor.popup_rounding": "Закръгляне на изскачащи менюта",
    "axiom.editorui.window.style_editor.menu_bar_background": "Фон на лента с менюта",
    "axiom.editorui.window.style_editor.reset": "Нулирай",
    "axiom.editorui.window.style_editor.resize_grip": "Хватка за преоразмеряване",
    "axiom.editorui.window.style_editor.resize_grip_active": "Хватка за преоразмеряване (активна)",
    "axiom.editorui.window.style_editor.resize_grip_hovered": "Хватка за преоразмеряване (посочена)",
    "axiom.editorui.window.style_editor.revert": "Възстанови",
    "axiom.editorui.window.style_editor.rounding_category": "Закръгляне",
    "axiom.editorui.window.style_editor.scrollbar_background": "Фон на лента за превъртане",
    "axiom.editorui.window.style_editor.scrollbar_category": "Лента за превъртане",
    "axiom.editorui.window.style_editor.scrollbar_grab": "Дръжка на лента за превъртане",
    "axiom.editorui.window.style_editor.scrollbar_grab_active": "Дръжка на лента за превъртане (активна)",
    "axiom.editorui.window.style_editor.scrollbar_grab_hovered": "Дръжка на лента за превъртане (посочена)",
    "axiom.editorui.window.style_editor.scrollbar_rounding": "Закръгляне на ленти за превъртане",
    "axiom.editorui.window.style_editor.separator": "Разделител",
    "axiom.editorui.window.style_editor.separator_active": "Разделител (активен)",
    "axiom.editorui.window.style_editor.separator_hovered": "Разделител (посочен)",
    "axiom.editorui.window.style_editor.sizes": "Размери",
    "axiom.editorui.window.style_editor.tab": "Раздел",
    "axiom.editorui.window.style_editor.tab_active": "Раздел (активен)",
    "axiom.editorui.window.style_editor.tab_borders": "Граници на раздели",
    "axiom.editorui.window.style_editor.tab_hovered": "Раздел (посочен)",
    "axiom.editorui.window.style_editor.tab_rounding": "Закръгляне на раздели",
    "axiom.editorui.window.style_editor.table_border_light": "Граница на таблица (лека)",
    "axiom.editorui.window.style_editor.table_border_strong": "Граница на таблица (силна)",
    "axiom.editorui.window.style_editor.theme_name": "Име на темата",
    "axiom.editorui.window.style_editor.theme_parameters": "Параметри на темата",
    "axiom.editorui.window.style_editor.title_background": "Фон на заглавна лента",
    "axiom.editorui.window.style_editor.title_background_active": "Фон на заглавна лента (активна)",
    "axiom.editorui.window.style_editor.title_background_collapsed": "Фон на заглавна лента (свита)",
    "axiom.editorui.window.style_editor.unfocused_tab": "Нефокусиран раздел",
    "axiom.editorui.window.style_editor.unfocused_tab_active": "Нефокусиран раздел (активен)",
    "axiom.editorui.window.style_editor.widget_category": "Елемент",
    "axiom.editorui.window.style_editor.window_background": "Фон на прозорец",
    "axiom.editorui.window.style_editor.window_borders": "Граници на прозорци",
    "axiom.editorui.window.style_editor.window_category": "Прозорец",
    "axiom.editorui.window.style_editor.window_rounding": "Закръгляне на прозорци",
    "axiom.editorui.window.style_editor.slider_grab": "Дръжка на плъзгач",
    "axiom.editorui.window.style_editor.slider_grab_active": "Дръжка на плъзгач (активна)",
    "axiom.editorui.window.style_editor.slider_grab_rounding": "Закръгляне на дръжки на плъзгачи",
    "axiom.history_description.biome_painted": "Боядисани природните зони на %s блока",
    "axiom.editorui.mainmenu.select.bounding_box": "Ограничителна кутия",
    "axiom.editorui.window.palette.unknown_custom_block": "Неизвестен нестандартен блок",
    "axiom.history_description.flatten_tool": "Изравнени %s блока",
    "axiom.tool.flatten": "Изравняване",
    "axiom.tool.flatten.lock_y": "Заключи Y",
    "axiom.tool.flatten.unlock_y": "Отключи Y",
    "axiom.tool.flatten.locked_at": "Заключен на: %s",
    "axiom.tool.flatten.right_click_to_lock": "Десен бутон за заключване",
    "axiom.tool.floodfill": "Заливане",
    "axiom.history_description.floodfilled": "Заливани %s блока",
    "axiom.tool.freehand_draw": "Рисуване",
    "axiom.tool.freehand_select": "Рисуване на селекция",
    "axiom.tool.gradient_painter": "Боядисване на градиент",
    "axiom.tool.gradient_painter.gradient": "Градиент",
    "axiom.tool.ruler.bounding_size": "Ограничителен размер = %s, %s, %s",
    "axiom.tool.gradient_painter.gradient_interpolation": "Интерполация",
    "axiom.tool.gradient_painter.gradient_interpolation_linear": "Линейна",
    "axiom.tool.gradient_painter.gradient_shape": "Форма",
    "axiom.tool.gradient_painter.gradient_shape_plane": "Плоска",
    "axiom.tool.gradient_painter.gradient_shape_sphere": "Кръгла",
    "axiom.tool.roughen.mode_add": "Добавяне",
    "axiom.tool.selection.add": "Събиране",
    "axiom.tool.selection.subtract": "Изваждане",
    "axiom.tool.selection.intersect": "Пресичане",
    "axiom.tool.selection.replace": "Замяна",
    "axiom.tool.rock.smoothing_stddev.description": "0 = без изглаждане\n2 = нормално (~4 блока) изглаждане\n5 = много силно (~10 блока) изглаждане",
    "axiom.tool.rock": "Рисуване на скали",
    "axiom.history_description.rock_tool": "Рисуване на скали (%s блока)",
    "axiom.tool.sculpt_draw": "Скулптуриране",
    "axiom.history_description.sculpt_draw_tool": "Скулптурирани %s блока",
    "axiom.tool.roughen": "Разрошване",
    "axiom.history_description.roughen_tool": "Разрошени %s блока",
    "axiom.tool.rock.preview_disabled": "Автоматично изключен за радиуси > %s",
    "axiom.tool.roughen.min_faces": "Мин. страни",
    "axiom.tool.roughen.mode_remove": "Премахване",
    "axiom.tool.roughen.ratio": "Съотношение",
    "axiom.tool.slope": "Наклон",
    "axiom.history_description.slope_tool": "Наклон (%s блока)",
    "axiom.tool.heightmap.height": "Височина",
    "axiom.tool.slope.mode_plane": "Равнина",
    "axiom.tool.smooth.block_ratio": "Съотношение",
    "axiom.tool.sculpt_draw.denoise": "Обезшумяване",
    "axiom.tool.sculpt_draw.mask_y": "Маска по Y",
    "axiom.tool.gradient_painter.gradient_interpolation_bezier": "Безие",
    "axiom.tool.sculpt_draw.invert": "Инвертиране",
    "axiom.tool.gradient_painter.gradient_interpolation_nearest": "Най-близък",
    "axiom.tool.heightmap.sharpness": "Острота",
    "axiom.tutorial.box_select_tool1": "Това е инструментът за селекция на куб.\nС него се селектират блокове между две точки.",
    "axiom.tutorial.active_block": "Някои инструменти се нуждаят от блок за боядисване или поставяне. Тук можете да изберете блок, като кликнете върху иконата.",
    "axiom.tutorial.clentaminator_tool": "Това е Натурализаторът.\nПозволява боядисване с предварително зададени терени и декорации.\nПолезно е, ако трябва много бързо да стилизирате област.",
    "axiom.tutorial.magic_select_tool": "Това е магическата пръчка.\nС нея се селектират съседни блокове от същия тип.",
    "axiom.tutorial.slope_tool1": "Това е инструментът за наклон.\nПозволява накланяне на терена между две точки.",
    "axiom.tutorial.tool_options": "Тук ще намерите настройките за избрания инструмент.",
    "axiom.tutorial.selection1": "Това е селекция.\nСелекциите позволяват прилагането на инструменти и операции към определени части на света.\nЗа да изчистите селекция, натиснете Enter.",
    "axiom.tutorial.sculpt_draw_tool": "Това е инструментът за скулптуриране.\nПозволява оформяне на терена чрез издърпване на блокове въз основа на нормалната повърхност.",
    "axiom.tutorial.history": "Axiom следи промените в блоковете, така че можете да ги отмените и върнете; този прозорец показва тези промени. (Съвет: ляв бутон за превъртане на история, десен бутон за насочване на камерата към промяната)",
    "axiom.tutorial.box_select_tool2": "За да започнете да използвате инструмента, кликните върху една точка, плъзнете мишката до друга точка и след това отпуснете.\nПосле можете да нагласите селекцията със стрелките.\nЗа да потвърдите селекцията, натиснете Enter.",
    "axiom.tutorial.tools_window": "Това е прозорецът с инструменти. Тук са избрани инструменти за боядисване, тераформиране, правене на селекции и др.",
    "axiom.tutorial.main_window": "Това е главният изглед.\n%s за завъртене на камерата.\n%s за използване на инструменти.\n%s за използване на орбиталната камера.\nПревъртете за бързо движение към/от точка.",
    "axiom.tutorial.slope_tool2": "За да използвате инструмента, кликните веднъж, за да зададете целевата позиция. След това преместете мишката на друга позиция и кликнете+плъзнете, за да рисувате наклон между двете точки.",
    "axiom.tutorial.selection2": "%s за запълване на селекцията с блокове.\n%s за замяна на блокове.\n%s/%s/Изтрий за копиране/изрязване/изтриване.",
    "axiom.tool.rock.noisiness.description": "Колко се влияят блокове от шумовото поле\n0 = без шум, сферичен\n1 = силен шум, петна",
    "axiom.tool.rock.meld_strength": "Сливаща сила",
    "axiom.tool.rock.meld_strength.description": "Силата, с която скалите се сливат със земята\nЗасегнат от „Стандартно отклонение“",
    "axiom.tool.generic.noise_seed": "Семе",
    "axiom.tool.rock.noise_field_seed": "Семе на шумовото поле",
    "axiom.tool.generic.noise_seed_do_randomize": "Рандомизирай семето",
    "axiom.tool.noise_painter.voronoi_edges": "Ръбове на Вороной",
    "axiom.tool.noise_painter.worley_noise": "Worley",
    "axiom.tool.noise_painter.white_noise": "Бял",
    "axiom.tool.noise_painter.lacunarity": "Лакунарност",
    "axiom.tool.noise_painter.metaball_noise": "Metaball",
    "axiom.tool.noise_painter.jitter": "Трептене",
    "axiom.tool.noise_painter.gain": "Амплитуда",
    "axiom.tool.noise_painter.octaves": "Октави",
    "axiom.tool.noise_painter.simplex_noise": "Simplex",
    "axiom.tool.noise_painter.splatter_noise": "Splatter",
    "axiom.editorui.window.style_editor.docking_preview": "Визуализация за закачане на прозорци",
    "axiom.editorui.window.style_editor.docking_empty_background": "Празен фон при закачане"
}
