{
    "axiom.tool.shatter.axis": "Eksen",
    "axiom.editorui.mainmenu.create.cone": "Koni...",
    "axiom.editorui.mainmenu.create.sphere": "Küre...",
    "axiom.tool.noise_painter.probability_density": "Olasılık Yoğunluk Fonksiyonu",
    "axiom.editorui.mainmenu.create.pyramid": "Piramit...",
    "axiom.editorui.mainmenu.create.cylinder": "Silindir...",
    "axiom.editorui.mainmenu.help": "Yardım",
    "axiom.editorui.mainmenu.create": "Oluştur",
    "axiom.editorui.window.create_shape.cone": "Koni",
    "axiom.tool.selection.intersect": "Kesişim",
    "axiom.tool.shape.cube": "Küp",
    "axiom.tool.shatter.axis_3d": "3B",
    "axiom.tool.shatter.axis_x": "X",
    "axiom.tool.shatter.axis_y": "Y",
    "axiom.tool.shatter.axis_z": "Z",
    "axiom.tool.slope.mode_plane": "Düzlem",
    "axiom.tool.slope.mode_cone": "Koni",
    "axiom.tool.roughen.mode_add": "Ekle",
    "axiom.tool.selection.add": "Ekle",
    "axiom.editorui.window.blueprint_browser.add_folder": "Klasör Ekle",
    "axiom.editorui.window.palette.add_block_to": "%s'a blok ekle",
    "axiom.editorui.window.palette.add_new_block": "Yeni blok ekle",
    "axiom.editorui.window.create_shape.advanced": "Gelişmiş",
    "axiom.tool.generic.advanced_options": "Gelişmiş",
    "axiom.editorui.window.fill.all": "Tümü",
    "axiom.tool.clentaminator.allow_tall_grass": "Uzun Çimen'e izin ver",
    "axiom.editorui.window.blueprint_browser.sort_by.ascending": "Artan",
    "axiom.keybinds.arcball_camera": "Uydu Kamera",
    "axiom.editorui.mainmenu.operations.analyze": "Analiz et...",
    "axiom.editorui.window.analyze": "Analiz et",
    "axiom.editorui.window.analyze.do_analyze": "Analiz et",
    "axiom.editorui.window.create_blueprint.angle": "Açı",
    "axiom.editorui.window.palette.add_new_category": "Yeni kategori ekle",
    "axiom.editorui.window.palette.after": "%s'dan sonra",
    "axiom.editorui.window.tool_masks.mask_all": "Tümü",
    "axiom.editorui.window.tool_masks.mask_angle": "Açı",
    "axiom.editorui.window.palette.are_you_sure_delete": "'%s'i silmek istediğinizden emin misiniz?",
    "axiom.keymod.alt": "Alt",
    "axiom.tool.ruler.add_point": "Nokta Ekle",
    "axiom.widget.add_blueprint_tag": "Etiket Ekle",
    "axiom.editorui.mainmenu.edit.undo": "Geri al",
    "axiom.editorui.mainmenu.create.cuboid": "Küp...",
    "axiom.keybinds.undo": "Geri al",
    "axiom.tool.generic.noise": "Gürültü",
    "axiom.tool.generic.noise_seed": "Tohum",
    "axiom.editorui.mainmenu.view.liquid_opacity": "Sıvı Opaklığı",
    "axiom.tool.ruler": "Cetvel",
    "axiom.tool.ruler.point_i": "Nokta %s",
    "axiom.tool.ruler.points": "Noktalar",
    "axiom.tool.ruler.information": "Bilgi",
    "axiom.tool.ruler.maximum": "Maksimum = %s, %s, %s",
    "axiom.tool.ruler.minimum": "Minimum = %s, %s, %s",
    "axiom.tool.biome_painter": "Biyom Fırçası",
    "axiom.history_description.biome_painted": "%s blok biyom fırçasıyla boyandı",
    "axiom.editorui.window.blueprint_browser": "Proje Yöneticisi",
    "axiom.keybind_categories.basic": "Temel",
    "axiom.tool.smooth.block_ratio": "Blok Oranı",
    "axiom.capability.bulldozer.title": "Buldozer",
    "axiom.capability.force_place.description": "Blok yerleştirme kısıtlamalarını devre dışı bırak",
    "axiom.editorui.mainmenu.select.clear": "Temizle",
    "axiom.editorui.mainmenu.toolmasks.clear": "Temizle",
    "axiom.editorui.window.tool_masks.mask_above": "Üstünde",
    "axiom.editorui.window.tool_masks.mask_block": "Blok",
    "axiom.editorui.window.world_properties.blocks": "Bloklar",
    "axiom.editorui.window.tool_masks.mask_below": "Altında",
    "axiom.editorui.window.world_properties.block_gravity": "Bloklar yer çekiminden etkilensin",
    "axiom.keybind.builder_tool_slot": "İnşa Aracı Yuvası",
    "axiom.keybind": "Axiom",
    "axiom.keybind_capabilities": "Axiom (Kabiliyetler)",
    "axiom.tool.clentaminator.clear": "Temizle",
    "axiom.tool.magic_select.compare_block": "Blok",
    "axiom.tool.noise_painter.block_mode_count": "Blok Sayısı",
    "axiom.tool.magic_select.compare_blockstate": "BlockState",
    "axiom.tool.noise_painter.blocks": "Bloklar",
    "axiom.tool.generic.brush": "Fırça",
    "axiom.tool.noise_painter.3d_mode": "3B Modu",
    "axiom.widget.cancel": "İptal",
    "axiom.widget.error_biome_registry": "Biyom kayıt defteri bulunamıyor!",
    "axiom.editorui.window.world_properties.time": "Zaman",
    "axiom.editorui.mainmenu.view.min_brightness": "Minimum Parlaklık",
    "axiom.editorui.window.blueprint_browser.move_file_already_exists": "Klasörde zaten '%s' adlı dosya var",
    "axiom.tool.sculpt_draw.strength": "Kuvvet",
    "axiom.tool.weld.strength": "Kuvvet",
    "axiom.tool.smooth.strength": "Kuvvet",
    "axiom.capability.bulldozer.description": "Hızla blok kırmak için %s'a basılı tut",
    "axiom.editorui.mainmenu.operations.fill": "Doldur...",
    "axiom.buildertool.cancel": "İptal et",
    "axiom.buildertool.confirm": "Onayla",
    "axiom.buildertool.clone": "Klonla",
    "axiom.editorui.mainmenu.edit.copy": "Kopyala",
    "axiom.editorui.mainmenu.edit.cut": "Kes",
    "axiom.editorui.mainmenu.edit.redo": "Yinele",
    "axiom.editorui.mainmenu.edit": "Düzenle",
    "axiom.editorui.mainmenu.operations.gravity": "Yer çekimi",
    "axiom.editorui.mainmenu.operations.simulation_category": "Simülasyon",
    "axiom.editorui.mainmenu.select": "Seçim",
    "axiom.editorui.mainmenu.select.expand": "Büyüt...",
    "axiom.editorui.mainmenu.select.shrink": "Küçült...",
    "axiom.editorui.mainmenu.view": "Görüntü",
    "axiom.editorui.mainmenu.view.show_biomes": "Biyomları Göster",
    "axiom.editorui.mainmenu.window": "Pencere",
    "axiom.editorui.mainmenu.window.windows": "Pencereler",
    "axiom.editorui.middle_mouse_short": "Orta Tuş",
    "axiom.editorui.pin_location": "Konumu Sabitle",
    "axiom.editorui.right_mouse_short": "Sağ Tuş",
    "axiom.editorui.window.clipboard.empty": "Boş",
    "axiom.editorui.window.blueprint_browser.file_browser_osx": "Finder",
    "axiom.editorui.window.analyze.block_count": "Sayı",
    "axiom.editorui.window.analyze.block_distribution": "Oran",
    "axiom.editorui.window.analyze.block_type": "Blok",
    "axiom.editorui.window.analyze.clear_information": "Temizle",
    "axiom.editorui.window.block_distribution_total": "Toplam",
    "axiom.editorui.window.blueprint_browser.confirm": "Onayla",
    "axiom.editorui.window.blueprint_browser.delete": "Sil",
    "axiom.editorui.window.blueprint_browser.file_browser_win": "Windows Explorer",
    "axiom.editorui.window.blueprint_browser.file_missing": "Dosya bulunamadı!",
    "axiom.editorui.window.blueprint_browser.new_folder": "Yeni klasör",
    "axiom.editorui.window.blueprint_browser.new_folder_i": "Yeni klasör (%s)",
    "axiom.editorui.window.blueprint_browser.sort_by.block_count": "Blok Sayısı",
    "axiom.editorui.window.blueprint_browser.sort_by.descending": "Alçalan",
    "axiom.editorui.window.blueprint_browser.sort_by.name": "İsim",
    "axiom.editorui.window.blueprint_browser.unnamed_blueprint": "İsimsiz",
    "axiom.editorui.window.clipboard.clear": "Temizle",
    "axiom.editorui.window.clipboard.placement_options": "Yerleştirme Seçenekleri",
    "axiom.editorui.window.active_block": "Geçerli Blok",
    "axiom.editorui.window.create_shape.radius": "Yarıçap",
    "axiom.editorui.window.create_shape.sphere": "Küre",
    "axiom.editorui.window.clipboard.placement_options.rotate": "Döndür...",
    "axiom.editorui.window.create_blueprint": "Proje Oluştur",
    "axiom.editorui.window.create_blueprint.author": "Yazar",
    "axiom.editorui.window.create_blueprint.bp_filter_description": "Proje Dosyaları",
    "axiom.editorui.window.create_blueprint.name": "İsim",
    "axiom.editorui.window.create_blueprint.save": "Kaydet",
    "axiom.editorui.window.create_blueprint.save_blueprint": "Projeyi Kaydet",
    "axiom.editorui.window.create_shape.do_place": "Yerleştir",
    "axiom.editorui.window.create_shape": "Şekil Oluştur",
    "axiom.editorui.window.create_shape.copied": "Kopyalandı!",
    "axiom.editorui.window.create_shape.copy_to_clipboard": "Panoya kopyala",
    "axiom.editorui.window.create_shape.cuboid": "Küp",
    "axiom.editorui.window.create_shape.cylinder": "Silindir",
    "axiom.editorui.window.create_shape.hollow": "İçi boş",
    "axiom.editorui.window.create_shape.pyramid": "Piramit",
    "axiom.editorui.window.create_shape.separate_xyz": "XYZ'yi Ayır",
    "axiom.editorui.window.create_shape.separate_xz": "XZ'yi Ayır",
    "axiom.editorui.window.create_shape.shape": "Şekil",
    "axiom.editorui.window.create_shape.width": "Kalınlık",
    "axiom.editorui.window.distort_selection.noise_radius": "Gürültü Büyüklüğü",
    "axiom.editorui.window.expand_selection": "Seçimi Büyüt",
    "axiom.editorui.window.expand_selection.do_expand": "Büyüt",
    "axiom.editorui.window.expand_selection.expand_selection_by": "Büyüme miktarı",
    "axiom.editorui.window.fill": "Doldur",
    "axiom.editorui.window.fill.bottom": "Taban",
    "axiom.editorui.window.fill.inside": "İç",
    "axiom.editorui.window.fill.outline": "Dış",
    "axiom.editorui.window.fill.top": "Tavan",
    "axiom.editorui.window.fill.walls": "Duvarlar",
    "axiom.editorui.window.history": "Tarih",
    "axiom.editorui.window.history.no_history": "Tarih yok",
    "axiom.editorui.window.palette.delete": "%s'ı sil",
    "axiom.editorui.window.palette.invalid_name_blank": "Geçersiz isim: isim boş olmamalı",
    "axiom.editorui.window.palette.invalid_name_duplicate": "Aynı isim: %s zaten var",
    "axiom.editorui.window.palette.invalid_name_contains_hash": "Geçersiz isim: '#' içermemeli",
    "axiom.editorui.window.palette": "Palet",
    "axiom.editorui.window.palette.recently_used": "Son kullanılanlar",
    "axiom.editorui.window.palette.remove_block": "Bloğu kaldır",
    "axiom.editorui.window.palette.rename": "%s'ı yeniden adlandır",
    "axiom.editorui.window.palette.this_will_delete_children": "Bu işlem %s'ın alt paletlerini de silecek",
    "axiom.editorui.window.replace": "Değiştir",
    "axiom.editorui.window.replace.do_replace": "Değiştir",
    "axiom.editorui.window.palette.before": "%s'dan önce",
    "axiom.editorui.window.palette.cannot_be_undone": "Bu işlem geri alınamaz!",
    "axiom.editorui.window.palette.child_of": "%s'ın alt paleti",
    "axiom.editorui.window.shrink_selection": "Seçimi Küçült",
    "axiom.editorui.window.shrink_selection.do_shrink": "Küçült",
    "axiom.editorui.window.smooth_selection.stddev": "StdSapma",
    "axiom.editorui.window.target_info.position": "Konum: %s, %s, %s",
    "axiom.editorui.window.tool_masks.logic": "Mantık",
    "axiom.editorui.window.tool_masks.mask_y": "Y",
    "axiom.editorui.window.tools": "Araçlar",
    "axiom.editorui.window.tool_options": "Araç Seçenekleri",
    "axiom.history_description.cloned": "%s blok klonlandı",
    "axiom.history_description.cut": "%s blok kesildi",
    "axiom.history_description.deleted": "%s blok silindi",
    "axiom.history_description.deselected": "%s bloğun seçimi kaldırıldı",
    "axiom.history_description.deselected_all": "Tüm blokların seçimi kaldırıldı",
    "axiom.tool.generic.brush_radius": "Yarıçap",
    "axiom.tool.noise_painter.white_noise": "Beyaz",
    "axiom.tutorial.history": "Axiom, geri alman veya yinelemen için blok değişikliklerini takip eder. Bu pencere o değişiklikleri gösterir. (İpucu: sol tuş tarihçede geri gider, sağ tuş değişikliği gösterir)",
    "axiom.tool.sculpt_draw.denoise": "Gürültü Önleme",
    "axiom.tool.slope.tutorial1": "Hedef konum belirlemek için bir kez tıkla",
    "axiom.editorui.mainmenu.operations.drain": "Kurut",
    "axiom.capability.airplane.title": "Gelişmiş Uçuş",
    "axiom.editorui.mainmenu.operations.fill_bottom": "Tabanı Doldur...",
    "axiom.editorui.mainmenu.toolmasks.edit": "Düzenle",
    "axiom.editorui.mainmenu.operations.fill_category": "Doldur",
    "axiom.editorui.mainmenu.operations.fill_nearest": "En Yakındakini Doldur",
    "axiom.editorui.mainmenu.operations.fill_outline": "Ana Hattı Doldur...",
    "axiom.editorui.mainmenu.operations.fill_top": "Tavanı Doldur...",
    "axiom.editorui.mainmenu.operations.fill_walls": "Duvarları Doldur...",
    "axiom.editorui.mainmenu.operations.fill_bottom_description": "Seçimin taban kenarlarını bir blokla doldur",
    "axiom.editorui.mainmenu.operations.fill_outline_description": "Seçimin tüm kenarlarını bir blokla doldur",
    "axiom.editorui.window.blueprint_browser.close": "Kapat",
    "axiom.editorui.window.clipboard.copy_hint": "Seçimi panoya kopyalamak için %s'ye basın",
    "axiom.editorui.window.blueprint_browser.overflow_files_message": "Fazla sayıda dosya değişiklikleri algılandı",
    "axiom.editorui.window.blueprint_browser.file_missing_message2": "Dosyayı %s kullanarak taşıdınız veya sildiniz mi?",
    "axiom.editorui.window.blueprint_browser.disable_auto_refresh": "Otomatik yenilemeyi kapat",
    "axiom.editorui.window.blueprint_browser.edit_blueprint": "Projeyi Düzenle",
    "axiom.editorui.window.blueprint_browser.file_missing_message1": "'%s' adlı dosya bulunamıyor!",
    "axiom.editorui.window.palette.custom": "Özel",
    "axiom.editorui.window.set_biome.fill_vertically": "Dikey olarak doldur",
    "axiom.editorui.window.world_properties.day": "Gündüz",
    "axiom.history_description.drew": "%s blok çizildi",
    "axiom.history_description.expanded": "%s blok kadar büyütüldü",
    "axiom.keybinds.copy": "Kopyala",
    "axiom.keybinds.cut": "Kes",
    "axiom.keybind.context": "Sağ Tuş Menüsü",
    "axiom.keybind_categories.edit": "Düzenleme",
    "axiom.keymod.mac_cmd": "Cmd",
    "axiom.tool.clentaminator": "Ekosistem Fırçası",
    "axiom.keymod.ctrl": "Ctrl",
    "axiom.tool.clentaminator.decorations": "Süslemeler",
    "axiom.tool.clentaminator.dirt_ground": "Toprak Zemin",
    "axiom.tool.biome_painter.fill_vertically": "Dikey olarak doldur",
    "axiom.tool.magic_select.compare_mode": "Karşılaştır",
    "axiom.tool.extrude.mode.expand": "Büyüt",
    "axiom.tool.noise_painter.cumulative_distribution": "Kümülatif Dağıtım",
    "axiom.widget.confirm": "Onayla",
    "axiom.widget.create_blueprint_tag": "Etiket Oluştur",
    "axiom.widget.delete": "Sil",
    "axiom.widget.error": "Hata",
    "axiom.widget.false_block_property": "Hayır",
    "axiom.keybinds.save_blueprint": "Projeyi Kaydet",
    "axiom.tool.selection": "Seçim",
    "axiom.editorui.mainmenu.view.show_selection": "Seçimi Göster",
    "axiom.editorui.window.clipboard": "Pano",
    "axiom.history_description.selected": "%s blok seçildi",
    "axiom.history_description.selected_additional": "+%s blok seçildi",
    "axiom.keybind.orbit_camera": "Uydu Kamera",
    "axiom.keybind.toggle_bulldozer_cap": "Buldozeri Aç/Kapa",
    "axiom.keybind.toggle_enhanced_flight_cap": "Gelişmiş Uçuşu Aç/Kapa",
    "axiom.keybind.toggle_replace_mode_cap": "Değiştirme Modunu Aç/Kapa",
    "axiom.keybind_categories.movement": "Hareket",
    "axiom.keybind_categories.operations": "İşlemler",
    "axiom.keybind_categories.placement": "Yerleştirme",
    "axiom.keybind_categories.view": "Görüntü",
    "axiom.keybinds.paste": "Yapıştır",
    "axiom.keybinds.quick_replace": "Hızlı Değiştirme",
    "axiom.keybinds.redo": "Yinele",
    "axiom.keybinds.rotate_camera": "Kamerayı Döndür",
    "axiom.keybinds.show_biomes": "Biyomları Göster",
    "axiom.keybinds.show_selection": "Seçimi Göster",
    "axiom.keybinds.use_tool": "Aracı Kullan",
    "axiom.tool.smooth.fix_edges": "Kenarları Düzelt",
    "axiom.tool.slope.tutorial2": "Eğri çizmek için başka yerden tıklayıp sürükleyin",
    "axiom.buildertool.first_point": "İlk Nokta",
    "axiom.editorui.mainmenu.operations.fill_walls_description": "Seçimin yatay kenarlarını bir blokla doldur",
    "axiom.editorui.mainmenu.operations.fill_description": "Seçimi bir blokla doldur",
    "axiom.editorui.mainmenu.operations.fill_top_description": "Seçimin tavan kenarlarını bir blokla doldur",
    "axiom.editorui.mainmenu.select.distort": "Çarpıt...",
    "axiom.editorui.window.blueprint_browser.file_browser_other": "Dosya Yöneticisi",
    "axiom.editorui.window.distort_selection": "Seçimi Çarpıt",
    "axiom.editorui.window.world_properties.fire_tick": "Ateş yayılabilsin",
    "axiom.history_description.flatten_tool": "Düzleştirme Aracı (%s blok)",
    "axiom.editorui.window.world_properties.freeze_time": "Zamanı durdur",
    "axiom.history_description.distorted": "%s blok çarpıtıldı",
    "axiom.history_description.elevation_tool": "Yükseklik Aracı (%s blok)",
    "axiom.history_description.shrunk": "%s blok kadar küçültüldü",
    "axiom.keybinds.quick_fill.fill_with": "Bununla doldur...",
    "axiom.tool.box_select.shrink_description": "Seçimi hava olmayan bloklara sığdırmak için küçültür",
    "axiom.tool.flatten": "Düzleştir",
    "axiom.tool.extrude.mode.shrink": "Küçült",
    "axiom.tool.elevation": "Yükseltme",
    "axiom.widget.from_block": "Bundan",
    "axiom.keymod.shift": "Shift",
    "axiom.keymod.super": "Super",
    "axiom.keymod.win_super": "Win",
    "axiom.tool.biome_painter.visualize_biomes": "Biyomları Göster",
    "axiom.tool.box_select.position": "Konum",
    "axiom.tool.box_select.shrink": "Küçült",
    "axiom.tool.box_select.size": "Büyüklük",
    "axiom.tool.clentaminator.fertile_ocean_floor": "Verimli Okyanus Tabanı",
    "axiom.tool.clentaminator.grass": "Çimen",
    "axiom.tool.clentaminator.grassiness": "Çimenlilik",
    "axiom.tool.clentaminator.gravel_ground": "Çakıl Zemin",
    "axiom.tool.clentaminator.sand": "Kum",
    "axiom.tool.clentaminator.stone": "Taş",
    "axiom.tool.clentaminator.terrain": "Arazi",
    "axiom.tool.distort": "Çarpıt",
    "axiom.tool.distort.distance": "Mesafe",
    "axiom.tool.distort.distance_x": "X Mesafesi",
    "axiom.tool.distort.distance_y": "Y Mesafesi",
    "axiom.tool.distort.distance_z": "Z Mesafesi",
    "axiom.tool.distort.distortion": "Çarpıtma",
    "axiom.tool.distort.iterations": "Tekrarlama Sayısı",
    "axiom.tool.distort.scale": "Ölçek",
    "axiom.tool.distort.separate_axis": "Eksenleri Ayır",
    "axiom.tool.distort.smooth_edges": "Uçları Düzgünleştir",
    "axiom.tool.roughen.min_faces": "Minimum Yüz Sayısı",
    "axiom.tool.selection.mode": "Mod",
    "axiom.tool.ruler.no_information": "N/A",
    "axiom.tool.rock.noise_radius": "Gürültü Büyüklüğü",
    "axiom.tool.rock.noisiness": "Gürültü Seviyesi",
    "axiom.tool.ruler.pitch": "Pitch = %s",
    "axiom.tool.rock.noise_field_seed.hint": "Rastgele",
    "axiom.tool.roughen.ratio": "Oran",
    "axiom.tool.roughen.mode_remove": "Blok çıkar",
    "axiom.tool.ruler.remove_point_i": "Nokta %s'i kaldır",
    "axiom.tool.selection.replace": "Değiştir",
    "axiom.tool.roughen": "Pürüzle",
    "axiom.tool.sculpt_draw": "Heykeltraş Fırçası",
    "axiom.tool.rock.smoothing_stddev": "Düzgünleştirme StdSapma",
    "axiom.tool.smooth.mode_melt": "Erit",
    "axiom.tool.slope.mode": "Mod",
    "axiom.tool.smooth.modifiers": "Parametreler",
    "axiom.tool.shape.octahedron": "Sekizyüzlü",
    "axiom.widget.block_properties": "Özellikler",
    "axiom.tool.shatter.scale": "Ölçek",
    "axiom.tool.shatter": "Kır",
    "axiom.tool.text.text_size": "Büyüklük",
    "axiom.tool.slope": "Eğim",
    "axiom.tool.smooth": "Düzgünleştir",
    "axiom.tutorial.active_block": "Bazı araçlar boyamak veya yerleştirmek için bir blok gerektirir. Blok simgesine tıklayarak blok değiştirebilirsiniz",
    "axiom.capability.airplane.description": "Daha hassas uçuş - momentumsuz ve kameraya doğru hareket",
    "axiom.buildertool.move": "Hareket Ettir",
    "axiom.capability.no_updates.title": "Güncelleme Yapma",
    "axiom.editorui.mainmenu.operations": "İşlemler",
    "axiom.capability.no_updates.description": "Blok kırarken/koyarken komşu blokların güncellenmesini engelle",
    "axiom.editorui.mainmenu.edit.redo_named": "\"%s\" işlemini yinele",
    "axiom.capability.replace_mode.title": "Değiştirme Modu",
    "axiom.capability.replace_mode.description": "Blokları tutulan blokla değiştirmek için sağ tuşa basın",
    "axiom.editorui.mainmenu.edit.save_blueprint": "Projeyi Kaydet",
    "axiom.buildertool.second_point": "İkinci Nokta",
    "axiom.buildertool.smear": "Sür",
    "axiom.editorui.left_mouse_short": "Sol Tuş",
    "axiom.editorui.view.main_name": "Ana",
    "axiom.editorui.mainmenu.select.mask": "Kalıp...",
    "axiom.editorui.view.create_new": "Yeni Görüntü",
    "axiom.editorui.view.new_view_name": "Yeni Görüntü",
    "axiom.editorui.no_keybind": "Atanmamış",
    "axiom.editorui.mainmenu.operations.fill_nearest_description": "Hava bloklarının yerine kendine en yakın hava olmayan bloğu yerleştir",
    "axiom.editorui.mainmenu.operations.replace": "Değiştir...",
    "axiom.editorui.mainmenu.operations.set_biome": "Biyom ekle...",
    "axiom.editorui.mainmenu.view.show_key_presses": "Basılan Tuşları Göster",
    "axiom.editorui.mainmenu.select.smooth": "Düzgünleştir...",
    "axiom.editorui.window.blueprint_browser.reload": "Yeniden yükle",
    "axiom.editorui.window.blueprint_browser.rename_file": "Dosyayı yeniden adlandır",
    "axiom.editorui.window.clipboard.placement_options.paste_air": "Hava bloklarını yapıştır",
    "axiom.editorui.window.create_shape.pitch": "Pitch",
    "axiom.editorui.window.create_shape.roll": "Roll",
    "axiom.editorui.window.mask_selection.mask": "Kalıp",
    "axiom.editorui.window.mask_selection": "Seçime Kalıp Uygula",
    "axiom.editorui.window.target_info.no_target": "Hedef yok",
    "axiom.editorui.window.keybinds": "Tuş Atamaları",
    "axiom.editorui.window.set_biome": "Biyom ekle",
    "axiom.editorui.window.set_biome.do_set_biome": "Biyom ekle",
    "axiom.editorui.window.smooth_selection.do_smooth": "Düzgünleştir",
    "axiom.editorui.window.smooth_selection": "Seçimi Düzgünleştir",
    "axiom.editorui.window.tool_masks.masks": "Kalıplar",
    "axiom.history_description.melted": "%s blok eritildi",
    "axiom.editorui.window.world_properties.midnight": "Gece yarısı",
    "axiom.history_description.moved": "%s blok hareket ettirildi",
    "axiom.editorui.window.tool_masks.mask_near": "Yakın",
    "axiom.editorui.window.tool_masks.mask_neighbor": "Komşu",
    "axiom.editorui.window.world_properties.night": "Gece",
    "axiom.editorui.window.tool_options.no_active_tool": "Geçerli Araç Yok",
    "axiom.editorui.window.world_properties.noon": "Öğle",
    "axiom.editorui.window.tool_masks.mask_not": "Değil",
    "axiom.history_description.painted": "%s blok boyandı",
    "axiom.history_description.placed": "%s block yerleştirildi",
    "axiom.editorui.window.world_properties.player": "Oyuncu",
    "axiom.editorui.window.world_properties.player_invulnerability": "Oyuncu dokunulmazlığı",
    "axiom.editorui.window.world_properties.unavailable_description": "Sunucu dünya özelliklerinin değiştirilmesine izin vermiyor",
    "axiom.history_description.placed_blueprint": "%s yerleştirildi",
    "axiom.history_description.rock_tool": "Kaya Aracı (%s blok)",
    "axiom.history_description.roughen_tool": "Pürüzleme Aracı (%s blok)",
    "axiom.history_description.sculpt_draw_tool": "Heykeltraş Aracı (%s blok)",
    "axiom.history_description.shatter": "%s blok kırıldı",
    "axiom.history_description.slope_tool": "Eğim Aracı (%s blok)",
    "axiom.history_description.smeared": "%s blok sürüldü",
    "axiom.history_description.smoothed": "%s blok düzgünleştirildi",
    "axiom.keybinds.quick_fill": "Hızlı Doldur",
    "axiom.keybinds.quick_replace.replace_from": "Değiştir (bundan)",
    "axiom.keybinds.quick_replace.replace_to": "Değiştir (buna)",
    "axiom.keybinds.rotate_placement": "Yerleştirmeyi Döndür",
    "axiom.tool.generic.mask_surface": "Sadece Yüzeyi Etkile",
    "axiom.tool.melt": "Erit",
    "axiom.tool.noise_painter": "Gürültü Fırçası",
    "axiom.tool.generic.noise_seed_do_randomize": "Tohumu Rastgele Seç",
    "axiom.tool.generic.reset_to_default": "Varsayılana sıfırla",
    "axiom.tool.generic.brush_shape": "Şekil",
    "axiom.tool.heightmap.sharpness": "Keskinlik",
    "axiom.tool.generic.smoothing_options": "Düzgünleştirme",
    "axiom.tool.magic_select.compare_solid": "Katı",
    "axiom.tool.elevation.lower": "Alçalt",
    "axiom.tool.elevation.raise": "Yükselt",
    "axiom.tool.elevation.raise_lower_mode": "Mod",
    "axiom.tool.extrude.displace_expand_description": "Kalınlığı 1 blok olan yüzeyleri klonlamak yerine hareket ettirir",
    "axiom.tool.extrude.displace_shrink_description": "Kalınlığı 1 blok olan yüzeyleri silmek yerine hareket ettirir",
    "axiom.tool.extrude.mode": "Mod",
    "axiom.tool.flatten.lock_y": "Y'yi Kilitle",
    "axiom.tool.flatten.locked_at": "%s'de kilitli",
    "axiom.tool.flatten.right_click_to_lock": "Kilitlemek için sağ tuşa basın",
    "axiom.tool.flatten.unlock_y": "Y'nin kilidini aç",
    "axiom.tool.generic.limit": "Limit",
    "axiom.tool.generic.live_preview": "Canlı Önizleme",
    "axiom.tool.noise_painter.metaball_noise": "Metaball",
    "axiom.tool.rock.noise_field_seed": "Gürültü Tohumu",
    "axiom.tool.noise_painter.lacunarity": "Boşlukluluk",
    "axiom.tool.noise_painter.noise_preview": "Gürültü Önizleme",
    "axiom.tool.noise_painter.octaves": "Oktav",
    "axiom.tool.painter": "Fırça",
    "axiom.tool.rock": "Kaya Aracı",
    "axiom.tool.noise_painter.scale": "Ölçek",
    "axiom.tool.noise_painter.simplex_noise": "Simpleks",
    "axiom.widget.remove_blueprint_tag": "Kaldır",
    "axiom.widget.rename": "Yeniden adlandır",
    "axiom.widget.search_block": "Ara",
    "axiom.widget.select_block": "Blok seç",
    "axiom.tutorial.tool_options": "Burda seçilen araç için seçenekleri bulabilirsiniz",
    "axiom.capability.force_place.title": "Zorla Yerleştir",
    "axiom.editorui.mainmenu.help.keybinds": "Tuş Atamaları...",
    "axiom.editorui.window.distort_selection.distance": "Mesafe",
    "axiom.editorui.window.distort_selection.do_distort": "Çarpıt",
    "axiom.editorui.window.target_info.distance": "Mesafe: %s",
    "axiom.editorui.window.world_properties.mob_spawning": "Canlılar oluşsun",
    "axiom.editorui.window.world_properties.block_drops": "Bloklar düşsün",
    "axiom.keybinds.move_forward": "İleriye Gitme",
    "axiom.keybinds.move_left": "Sola Gitme",
    "axiom.keybinds.move_quick": "Koşma",
    "axiom.keybinds.move_backward": "Geriye Gitme",
    "axiom.keybinds.move_down": "Aşağı Gitme",
    "axiom.keybinds.move_right": "Sağa Gitme",
    "axiom.keybinds.move_up": "Yukarı Gitme",
    "axiom.tool.freehand_draw": "Serbest Çizim",
    "axiom.tool.freehand_select": "Serbest Seçim",
    "axiom.tool.heightmap.height": "Yükseklik",
    "axiom.tool.ruler.total_length_euclidean": "Toplam Uzunluk (Öklid) = %s",
    "axiom.tool.ruler.total_length_manhattan": "Toplam Uzunluk (Manhattan) = %s",
    "axiom.tool.ruler.yaw": "Yaw = %s",
    "axiom.tool.rock.smoothing_stddev.description": "0 = düzgünleştirme\n2 = normal (~4 blok) düzgünleştirme\n5 = kuvvetli (~10 blok) düzgünleştirme",
    "axiom.tool.rock.preview_disabled": "Yarıçap > %s ise otomatik olarak devre dışı",
    "axiom.tool.ruler.bounding_size": "Sınırlayıcı Büyüklük = %s, %s, %s",
    "axiom.tool.rock.noisiness.description": "Ne kadar kuvvetle blokların gürültüden etkilendiğini ayarlar:\n0 = Gürültü yok, küresel\n1 = Kuvvetli gürültü, damlalar",
    "axiom.tool.shape.sphere": "Küre",
    "axiom.tool.smooth.mode_stable": "Stabil",
    "axiom.tool.selection.subtract": "Eksilt",
    "axiom.tool.text": "Metin",
    "axiom.tool.text.text_input": "Metin",
    "axiom.tutorial.tools_window": "Burası Araçlar Penceresi. Burada boyama, arazi oluşturma, seçim yapma ve dahası için araç seçebilirsin",
    "axiom.tool.weld.threshold": "Sınır",
    "axiom.tool.shatter.use_active_block": "Geçerli Bloğu Kullan",
    "axiom.tool.weld": "Kaynak",
    "axiom.tool.shatter.width": "Kalınlık",
    "axiom.widget.any_block_property": "Herhangi",
    "axiom.tool.smooth.mode_grow": "Büyüt",
    "axiom.buildertool.stack": "İstifle",
    "axiom.editorui.mainmenu.edit.undo_named": "\"%s\" işlemini geri al",
    "axiom.capability.tinker.description": "Boş elle sağ tıklayınca olan çeşitli kullanışlı etkileşimler",
    "axiom.editorui.crosshair": "İmleç",
    "axiom.editorui.hold_for_more_options": "Daha fazla seçenek için %s'ye basılı tut",
    "axiom.editorui.mainmenu.toolmasks": "Araç Kalıpları",
    "axiom.editorui.mainmenu.operations.waterlog": "Su ile Doldur",
    "axiom.editorui.mainmenu.select.bounding_box": "Sınırlayıcı Kutu",
    "axiom.editorui.window.blueprint_browser.sort_by": "Sırala",
    "axiom.editorui.window.active_block.edit_properties_below": "*Özellikleri aşağıda düzenle",
    "axiom.editorui.window.blueprint_browser.automatically_refresh": "Otomatik olarak yenile",
    "axiom.editorui.window.create_shape.yaw": "Yaw",
    "axiom.editorui.window.clipboard.placement_options.keep_existing": "Var olan blokları silme",
    "axiom.editorui.window.target_info": "Hedef bilgisi",
    "axiom.editorui.window.target_info.targeted_biome": "Hedef biyom: %s",
    "axiom.editorui.window.target_info.targeted_block": "Hedef blok: %s",
    "axiom.editorui.window.keybinds.conflicts_with": "Bu atama bununla çelişiyor:",
    "axiom.editorui.window.smooth_selection.threshold": "Sınır",
    "axiom.editorui.window.tool_masks": "Araç Kalıpları",
    "axiom.editorui.window.keybinds.unbind": "Kaldır",
    "axiom.editorui.window.tool_masks.mask_any": "Herhangi",
    "axiom.editorui.window.tool_masks.mask_inselection": "Seçimin içinde",
    "axiom.history_description.stacked": "%s blok istiflendi",
    "axiom.history_description.text_tool": "Metin Aracı (%s blok)",
    "axiom.keybind.toggle_editor_ui": "Editör Arayüzünü Aç/Kapa",
    "axiom.keybind.toggle_force_place_cap": "Zorla Yerleştirmeyi Aç/Kapa",
    "axiom.keybind.toggle_no_updates_cap": "Güncelleme Yapmamayı Aç/Kapa",
    "axiom.history_description.welded": "%s blok kaynak yapıldı",
    "axiom.keybinds.flip_placement": "Yerleştirmeyi Çevir",
    "axiom.tool.box_select": "Kutu Seçim",
    "axiom.keybinds.pan_camera": "Kamerayı Pan Yap",
    "axiom.tool.generic.surface_only": "Sadece Yüzey",
    "axiom.tool.noise_painter.block_mode_threshold": "Sınır",
    "axiom.tool.magic_select.compare_any": "Herhangi",
    "axiom.tool.extrude.displace": "Yer Değiştir",
    "axiom.tool.magic_select.range": "Menzil",
    "axiom.tool.noise_painter.voronoi_edges": "Voronoi Kenarları",
    "axiom.tool.noise_painter.worley_noise": "Worley",
    "axiom.tool.noise_painter.gain": "Kazanım",
    "axiom.tool.rock.meld_strength.description": "Ne kadar kuvvetle aracın zeminle birleştiğini ayarlar\nBu ayar \"Düzgünleştirme StdSapma\"dan etkilenir",
    "axiom.tool.noise_painter.jitter": "Pürüzlülük",
    "axiom.tool.rock.meld_strength": "Kaynaşma Kuvveti",
    "axiom.widget.block_tags": "Etiketler",
    "axiom.widget.blueprint_tags": "Etiketler",
    "axiom.widget.to_block": "Buna",
    "axiom.widget.use_blueprint_tag": "Etiketi Kullan",
    "gamerule.axiomDoBlockDrops": "(Axiom) Blocklar düşsün",
    "gamerule.axiomDoBlockGravity": "(Axiom) Bloklar yer çekiminden etkilensin",
    "gamerule.axiomDoTrampleFarmland": "(Axiom) Tarım arazileri ezilsin",
    "gamerule.axiomPlayerInvulnerability": "(Axiom) Oyuncu dokunulmazlığı",
    "axiom.editorui.spectators_generate_chunks_warning": "Uyarı: Oyun kuralı spectatorsGenerateChunks false'a ayarlı ve bu Editör Arayüzü'nde bir çok soruna yol açacak. Lütfen bu oyun kuralını true'ya ayarlayın.",
    "axiom.editorui.window.world_properties.random_tick_speed": "Rastgele zaman birimi ilerleme oranı",
    "axiom.editorui.window.world_properties": "Dünya Özellikleri",
    "axiom.editorui.window.world_properties.unavailable": "Mevcut değil",
    "axiom.editorui.window.world_properties.trample_farmland": "Tarım arazileri ezilsin",
    "axiom.history_description.extrude_tool": "Presleme Aracı (%s blok)",
    "axiom.key.scroll_down": "Aşağı Kaydırma",
    "axiom.key.scroll_left": "Sola Kaydırma",
    "axiom.key.scroll_right": "Sağa Kaydırma",
    "axiom.key.scroll_up": "Yukarı Kaydırma",
    "axiom.history_description.set_n_blocks_to": "%s blok, %s olarak ayarlandı",
    "axiom.keybinds.pick_block": "Blok Seçme",
    "axiom.tool.extrude": "Presle",
    "axiom.widget.ok": "Tamam",
    "axiom.widget.true_block_property": "Evet",
    "axiom.keybind_options.use_vanilla_movement": "Vanilla Hareketini Kullan",
    "axiom.tool.sculpt_draw.mask_y": "Y Kalıbı",
    "axiom.tool.sculpt_draw.invert": "Ters çevir",
    "axiom.tutorial.main_window": "Bu ana görüş alanıdır.\nKamerayı döndürmek için %s\nAraçları kullanmak için %s\nUydu kamerayı kullanmak için %s\nBir noktaya/noktadan hızlıca hareket etmek için fare tekerleğini kullanın",
    "axiom.buildertool.clone.scroll": "Klonlamak için kaydırın",
    "axiom.buildertool.move.scroll": "Hareket ettirmek için kaydırın",
    "axiom.buildertool.smear.scroll": "Sürmek için kaydırın",
    "axiom.buildertool.stack.scroll": "İstiflemek için kaydırın",
    "axiom.editorui.pin_world": "Dünyayı İğnele",
    "axiom.editorui.window.blueprint_browser.move_file": "Taşı",
    "axiom.editorui.window.blueprint_browser.move_file_overwrite": "Üstüne yaz",
    "axiom.keybind_options.invert_camera_rotate": "Kamera döndürmeyi ters çevir",
    "axiom.tool.magic_select": "Sihirli Değnek",
    "axiom.tool.noise_painter.metaball_range": "Menzil",
    "axiom.capability.tinker.title": "İskarpela",
    "axiom.editorui.multiple_keybinds": "Birden fazla",
    "axiom.keybind.toggle_tinker_cap": "İskarpelayı Aç/Kapa",
    "axiom.editorui.window.blueprint_browser.overflow_files": "Taşma!",
    "axiom.editorui.mainmenu.view.ui_scale": "Arayüz Ölçeği",
    "axiom.editorui.window.clipboard.n_blocks": "%s blok",
    "axiom.editorui.window.debug_info": "Hata Ayıklama Bilgisi",
    "axiom.editorui.mainmenu.help.debug_info": "Hata Ayıklama Bilgisi",
    "axiom.history_description.drained_n": "%s sıvı bloğu kurutuldu",
    "axiom.editorui.window.create_shape.height": "Yükseklik",
    "axiom.editorui.window.fill.do_fill": "Doldur",
    "axiom.editorui.window.shrink_selection.shrink_selection_by": "Seçimi şu kadar küçült",
    "axiom.editorui.mainmenu.help.reset_tutorial": "Öğreticiyi Sıfırla",
    "axiom.history_description.waterlogged_n": "%s blok waterloglandı",
    "axiom.keybinds.crosshair_camera": "İmleç",
    "axiom.history_description.fill_nearest": "En Yakındakini Doldur (%s blok)",
    "axiom.capability.infinite_reach.title": "Sınırsız Menzil",
    "axiom.capability.infinite_reach.description": "Menzil sınırını kaldırır",
    "axiom.editorui.window.style_editor.button": "Düğme",
    "axiom.editorui.window.style_editor.button_active": "Düğme (Etkin)",
    "axiom.tutorial.continue": "Devam",
    "axiom.editorui.window.style_editor.checkmark": "Tik",
    "axiom.editorui.window.style_editor.copied": "Kopyalandı!",
    "axiom.editorui.window.style_editor.custom_theme": "Özel Tema",
    "axiom.buildertool.clone.finish": "Bitir",
    "axiom.editorui.window.style_editor.frame_category": "Çerçeve",
    "axiom.editorui.styles.imgui_dark": "ImGui Karanlık",
    "axiom.editorui.styles.imgui_light": "ImGui Aydınlık",
    "axiom.editorui.window.style_editor.import_from_clipboard": "Panodan İçe Aktar",
    "axiom.editorui.window.keybinds.load_default": "Varsayılanları Yükle...",
    "axiom.editorui.window.keybinds.load_axiom_defaults": "Axiom Varsayılanları",
    "axiom.editorui.mainmenu.help.style_editor": "Tema Düzenleyici...",
    "axiom.editorui.window.style_editor": "Tema Düzenleyici",
    "axiom.tutorial.selection2": "Seçimi bloklarla doldurmak için %s kullanılabilir.\n%s blokları değiştirmene izin verir.\nKopyalamak/kesmek/silmek için %s/%s/Delete",
    "axiom.editorui.window.style_editor.color": "Renk",
    "axiom.editorui.window.keybinds.load_blender_defaults": "Blender gibi",
    "axiom.editorui.window.style_editor.base_style": "Ana Stil",
    "axiom.editorui.window.style_editor.border_color": "Kenar",
    "axiom.editorui.window.style_editor.borders_category": "Kenarlar",
    "axiom.editorui.window.style_editor.header": "Başlık",
    "axiom.editorui.window.style_editor.header_active": "Başlık (Etkin)",
    "axiom.editorui.window.style_editor.other_category": "Diğer",
    "axiom.editorui.window.style_editor.reset": "Sıfırla",
    "axiom.editorui.window.style_editor.revert": "Geri Al",
    "axiom.editorui.window.style_editor.separator": "Ayraç",
    "axiom.editorui.window.style_editor.separator_active": "Ayraç (Etkin)",
    "axiom.editorui.window.style_editor.sizes": "Boyutlar",
    "axiom.editorui.window.style_editor.tab": "Sekme",
    "axiom.editorui.window.style_editor.tab_active": "Sekme (Etkin)",
    "axiom.editorui.window.style_editor.tab_borders": "Sekme Kenarları",
    "axiom.editorui.window.style_editor.table_border_light": "Tablo Kenarları (Açık)",
    "axiom.editorui.window.style_editor.table_border_strong": "Tablo Kenarları (Kalın)",
    "axiom.editorui.window.style_editor.text": "Metin",
    "axiom.editorui.window.style_editor.text_category": "Metin",
    "axiom.editorui.window.style_editor.theme_name": "Tema İsmi",
    "axiom.editorui.window.style_editor.theme_parameters": "Tema Parametreleri",
    "axiom.tutorial.selection1": "Bu bir seçimdir.\nSeçimler dünyanın belirli yerlerine araç ve işlemler uygulamanı sağlar.\nSeçimi temizlemek için Enter'a basın",
    "axiom.tutorial.box_select_tool1": "Bu Kutu Seçim aracıdır.\nİki nokta arasındaki blokları küboid olacak şekilde seçer",
    "axiom.tutorial.clentaminator_tool": "Bu Ekosistem Fırçasıdır.\nBir alanı arazi ve süslemelerle boyamanızı sağlar.\nBir alanı çabucak süslemeniz gerekiyorsa işe yarar",
    "axiom.tutorial.magic_select_tool": "Bu Sihirli Değnek aracıdır.\nYan yana duran aynı türden blokları seçer",
    "axiom.tutorial.sculpt_draw_tool": "Bu Heykeltıraş Fırçasıdır.\nBlokları yüzey normaline göre çekerek arazi oluşturmanızı sağlar",
    "axiom.tutorial.slope_tool1": "Bu Eğim Aracıdır.\nİki nokta arasındaki araziyi eğimlendirmenizi sağlar",
    "axiom.editorui.window.style_editor.title_background": "Ana Başlık Arkaplanı",
    "axiom.editorui.window.style_editor.title_background_active": "Ana Başlık Arkaplanı (Etkin)",
    "axiom.tutorial.box_select_tool2": "Aracı kullanmak için bir noktaya basılı tutun, fareyi başka bir noktaya sürükleyin ve bırakın.\nSonrasında okları kullanarak seçimi ayarlayabilirsiniz.\nSeçimi onaylamak için Enter'a basın",
    "axiom.editorui.window.style_editor.unfocused_tab": "Odaklanılmamış Sekme",
    "axiom.tutorial.slope_tool2": "Aracı kullanmak için, hedef noktaya tıklayın. Sonra, fareyi başka bir yere götürün ve eğim oluşturmak için tıklayıp sürükleyin",
    "axiom.editorui.window.style_editor.unfocused_tab_active": "Odaklanılmamış Sekme (Etkin)",
    "axiom.editorui.window.style_editor.window_borders": "Pencere Kenarları",
    "axiom.editorui.window.style_editor.widget_category": "Araç",
    "axiom.editorui.window.style_editor.window_category": "Pencere",
    "axiom.editorui.window.style_editor.window_background": "Pencere Arkaplanı",
    "axiom.editorui.window.style_editor.export_to_clipboard": "Panoya Kopyala",
    "axiom.editorui.window.style_editor.frame_background": "Çerçeve Arkaplanı",
    "axiom.editorui.window.style_editor.frame_background_active": "Çerçeve Arkaplanı (Etkin)",
    "axiom.editorui.window.style_editor.drag_drop_target": "Sürükle-Bırak Hedefi",
    "axiom.editorui.window.style_editor.disabled_text": "Metin (Devre Dışı)",
    "axiom.editorui.window.style_editor.docking_empty_background": "Sabitleme Boş Arkaplanı",
    "axiom.editorui.window.style_editor.docking_preview": "Sabitleme Önizlemesi",
    "axiom.editorui.window.style_editor.frame_background_hovered": "Çerçeve Arkaplanı (Üzerine Gelinmiş)",
    "axiom.editorui.window.style_editor.frame_borders": "Çerçeve Kenarları",
    "axiom.editorui.window.style_editor.header_hovered": "Başlık (Üzerine Gelinmiş)",
    "axiom.editorui.window.style_editor.popup_background": "Açılır Pencere Arkaplanı",
    "axiom.editorui.window.style_editor.popup_borders": "Açılır Pencere Kenarları",
    "axiom.editorui.window.style_editor.tab_hovered": "Sekme (Üzerine Gelinmiş)",
    "axiom.editorui.window.style_editor.button_hovered": "Düğme (Üzerine Gelinmiş)",
    "axiom.editorui.window.style_editor.separator_hovered": "Ayraç (Üzerine Gelinmiş)",
    "axiom.editorui.window.style_editor.rounding_category": "Düzgünleştirme",
    "axiom.editorui.window.style_editor.frame_rounding": "Çerçeve Düzgünleştirmesi",
    "axiom.editorui.window.style_editor.popup_rounding": "Açılır Pencere Düzgünleştirmesi",
    "axiom.editorui.window.style_editor.tab_rounding": "Sekme Düzgünleştirmesi",
    "axiom.editorui.window.style_editor.window_rounding": "Pencere Düzgünleştirmesi",
    "axiom.editorui.window.style_editor.scrollbar_category": "Kaydırma Çubuğu",
    "axiom.editorui.window.style_editor.scrollbar_background": "Kaydırma Çubuğu Arkaplanı",
    "axiom.editorui.window.style_editor.scrollbar_rounding": "Kaydırma Çubuğu Düzgünleştirmesi",
    "axiom.editorui.window.style_editor.menu_bar_background": "Menü Çubuğu Arkaplanı",
    "axiom.editorui.window.style_editor.scrollbar_grab": "Kaydırma Çubuğu Tutacağı",
    "axiom.editorui.window.style_editor.scrollbar_grab_active": "Kaydırma Çubuğu Tutacağı (Etkin)",
    "axiom.editorui.window.style_editor.scrollbar_grab_hovered": "Kaydırma Çubuğu Tutacağı (Üzerine Gelinmiş)",
    "axiom.editorui.window.style_editor.slider_grab": "Kaydırıcı Tutacağı",
    "axiom.editorui.window.style_editor.slider_grab_active": "Kaydırıcı Tutacağı (Etkin)",
    "axiom.editorui.window.style_editor.slider_grab_rounding": "Kaydırıcı Tutacağı Düzgünleştirmesi",
    "axiom.editorui.window.style_editor.resize_grip": "Yeniden Boyutlandırma Tutacağı",
    "axiom.editorui.window.style_editor.resize_grip_active": "Yeniden Boyutlandırma Tutacağı (Etkin)",
    "axiom.editorui.window.style_editor.resize_grip_hovered": "Yeniden Boyutlandırma Tutacağı (Üzerine Gelinmiş)",
    "axiom.editorui.window.style_editor.title_background_collapsed": "Ana Başlık Arkaplanı (Gizlenmiş)",
    "axiom.editorui.window.style_editor.child_borders": "Alt Kenarlar",
    "axiom.editorui.window.style_editor.child_rounding": "Alt Düzgünleştirme",
    "axiom.toasts.disabled": "'%s' devre dışı bırakıldı",
    "axiom.toasts.enabled": "'%s' etkin hale getirildi",
    "axiom.tool.gradient_painter.gradient_interpolation_bezier": "Bezier",
    "axiom.buildertool.scroll_extend": "Seçimi Büyüt",
    "axiom.tool.clentaminator.crop_type": "Ekin Türü",
    "axiom.editorui.window.tool_masks.mode_dest": "Sadece Hedef",
    "axiom.editorui.mainmenu.help.discord_server": "Discord Sunucusu...",
    "axiom.buildertool.erase.delete": "Sil",
    "axiom.tool.clentaminator.crops": "Ekinler",
    "axiom.editorui.mainmenu.help.documentation": "Dokümantasyon...",
    "axiom.editorui.window.palette.custom_empty": "Boş",
    "axiom.buildertool.erase": "Sil",
    "axiom.buildertool.erase.erase_box": "Seçimi Sil",
    "axiom.buildertool.erase.erase_connected": "Bağlı Blokları Sil",
    "axiom.tool.clentaminator.farmland": "Tarım Arazisi",
    "axiom.capability.fast_place.title": "Hızlı Yerleştir",
    "axiom.contextmenu.flight_momentum": "Uçuş Momentumu: %s%%",
    "axiom.tool.clentaminator.fully_grown": "Tamamen Büyümüş",
    "axiom.tool.gradient_painter.gradient": "Gradyan",
    "axiom.tool.gradient_painter": "Gradyan Fırçası",
    "axiom.tool.clentaminator.grass_block": "Çimenli Toprak",
    "axiom.contextmenu.infinite_reach_limit": "Sınırsız Menzil Limiti: %s blok",
    "axiom.contextmenu.infinite_reach_limit_none": "Sınırsız Menzil Limiti: ∞",
    "axiom.tool.gradient_painter.gradient_interpolation": "İnterpolasyon",
    "axiom.tool.gradient_painter.gradient_interpolation_linear": "Doğrusal",
    "axiom.contextmenu.liquid_opacity": "Sıvı Opaklığı: %s%%",
    "axiom.contextmenu.min_brightness": "Minimum Parlaklık: %s%%",
    "axiom.editorui.window.tool_masks.mode": "Mod",
    "axiom.history_description.modified": "%s blok düzenlendi",
    "axiom.tool.clentaminator.moist_farmland": "Nemli",
    "axiom.tool.gradient_painter.gradient_interpolation_nearest": "En Yakın",
    "axiom.capability.fast_place.description": "Blokları kontrollü bir şekilde çok hızlı yerleştirir",
    "axiom.tool.gradient_painter.gradient_shape_plane": "Düzlem",
    "axiom.tool.gradient_painter.gradient_shape": "Şekil",
    "axiom.tool.clentaminator.tall_grass_block": "Uzun Çimen",
    "axiom.keybind.toggle_fast_place_cap": "Hızlı Yerleştirmeyi Aç/Kapa",
    "axiom.keybind.toggle_infinite_reach_cap": "Sınırsız Menzili Aç/Kapa",
    "axiom.tool.gradient_painter.gradient_shape_sphere": "Küre",
    "axiom.tool.noise_painter.splatter_noise": "Serpiştir",
    "axiom.editorui.window.palette.unknown_custom_block": "Bilinmeyen Özel Blok",
    "axiom.contextmenu.type_replace": "Türüne Göre Değiştir",
    "axiom.editorui.window.tool_masks.mode_source": "Sadece Kaynak",
    "axiom.editorui.window.tool_masks.mode_source_and_dest": "Kaynak ve Hedef",
    "axiom.history_description.floodfilled": "%s blok taşırmayla dolduruldu",
    "axiom.tool.floodfill": "Taşırmayla Doldur"
}
