{
    "axiom.editorui.window.clipboard.copy_hint": "%s щоб скопіювати вибране до буферу обміну",
    "gamerule.axiomDoBlockDrops": "(Axiom) Увімкнути Падіння Ресурсів",
    "gamerule.axiomDoBlockGravity": "(Axiom) Увімкнути Гравітацію Блоків",
    "gamerule.axiomDoTrampleFarmland": "(Axiom) Увімкнути Топтання Рілля",
    "gamerule.axiomPlayerInvulnerability": "(Axiom) Увімкнути Безсмертність",
    "axiom.editorui.window.active_block.edit_properties_below": "*Редагуйте властивості нижче",
    "axiom.tool.rock.smoothing_stddev.description": "0 = без згладжування\n2 = нормальне згладжування (~4 блоків)\n5 = дуже сильне згладжвання (~10 блоків)",
    "axiom.tool.shatter.axis_3d": "3D",
    "axiom.tool.noise_painter.3d_mode": "3D Режим",
    "axiom.editorui.window.tool_masks.mask_above": "Над",
    "axiom.editorui.window.active_block": "Активний Блок",
    "axiom.editorui.window.blueprint_browser.add_folder": "Додати Папку",
    "axiom.tool.roughen.mode_add": "Додати",
    "axiom.tool.ruler.add_point": "Додати Точку",
    "axiom.tool.selection.add": "Додавання",
    "axiom.widget.add_blueprint_tag": "Додати  Тег",
    "axiom.editorui.window.palette.add_block_to": "Додати блок до %s",
    "axiom.editorui.window.palette.add_new_block": "Додати новий блок",
    "axiom.editorui.window.palette.add_new_category": "Додати нову категорію",
    "axiom.editorui.window.create_shape.advanced": "Досвідчений",
    "axiom.tool.generic.advanced_options": "Досвідчений",
    "axiom.editorui.window.palette.after": "Після %s",
    "axiom.editorui.window.fill.all": "Всі",
    "axiom.editorui.window.tool_masks.mask_all": "Всі",
    "axiom.tool.clentaminator.allow_tall_grass": "Дозволити Високу Траву",
    "axiom.tool.magic_select.compare_any": "Будь-які",
    "axiom.editorui.window.analyze": "Аналізування",
    "axiom.editorui.window.analyze.do_analyze": "Аналізувати",
    "axiom.editorui.window.create_blueprint.angle": "Кут",
    "axiom.editorui.window.tool_masks.mask_angle": "Кут",
    "axiom.editorui.window.tool_masks.mask_any": "Будь-які",
    "axiom.keymod.alt": "Alt",
    "axiom.widget.any_block_property": "Будь-яку",
    "axiom.editorui.mainmenu.operations.analyze": "Аналізування...",
    "axiom.keybinds.arcball_camera": "Arcball Камера",
    "axiom.editorui.window.blueprint_browser.sort_by.ascending": "Зростаючі",
    "axiom.editorui.window.create_blueprint.author": "Автор",
    "axiom.editorui.window.palette.are_you_sure_delete": "Чи ви впевнені , що хочете видалити '%s'?",
    "axiom.editorui.window.blueprint_browser.automatically_refresh": "Автоматично Перезагружати",
    "axiom.keybind": "Axiom",
    "axiom.tool.rock.preview_disabled": "Автоматично вимкнене для Радіуса > %s",
    "axiom.keybind_capabilities": "Axiom (Можливості)",
    "axiom.tutorial.history": "Axiom стежить за змінами блоків , отже ви можете скасувати і повторити дії , це вікно показує ці зміні. (Порада: клацання лівою кнопкою миші перемотує історію назад, клацання правою кнопкою миші переглядає зміни)",
    "axiom.editorui.window.palette.before": "Перед %s",
    "axiom.editorui.window.tool_masks.mask_below": "Під",
    "axiom.keybind_categories.basic": "Головне",
    "axiom.tool.biome_painter": "Маляр Біомів",
    "axiom.tool.shatter.axis": "Вісь",
    "axiom.history_description.biome_painted": "Біом намальований на %s блоках",
    "axiom.tool.magic_select.compare_block": "Блок",
    "axiom.editorui.window.analyze.block_type": "Блок",
    "axiom.editorui.window.blueprint_browser.sort_by.block_count": "Кількість Блоків",
    "axiom.editorui.window.tool_masks.mask_block": "Блок",
    "axiom.widget.error_biome_registry": "Такий біом не існує!",
    "axiom.tool.noise_painter.block_mode_count": "Кількості блоків",
    "axiom.editorui.window.world_properties.block_drops": "Падіння Ресурсів",
    "axiom.editorui.window.world_properties.block_gravity": "Гравітаця Блоків",
    "axiom.tool.smooth.block_ratio": "Раціон Блоків",
    "axiom.tool.noise_painter.blocks": "Блоки",
    "axiom.tool.magic_select.compare_blockstate": "СтанБлоку",
    "axiom.editorui.window.blueprint_browser": "Пошук Схем",
    "axiom.editorui.window.create_blueprint.bp_filter_description": "Файли Схеми",
    "axiom.editorui.window.fill.bottom": "Низ",
    "axiom.editorui.window.world_properties.blocks": "Блоки",
    "axiom.editorui.mainmenu.select.bounding_box": "Обмежувальна Зона",
    "axiom.tool.ruler.bounding_size": "Розмір Обмеження = %s, %s, %s",
    "axiom.tool.box_select": "Квадратне Вибрання",
    "axiom.tool.generic.brush": "Пензлик",
    "axiom.keybind.builder_tool_slot": "Cлот для Інструментів Будівельників",
    "axiom.capability.bulldozer.title": "Бульдозер",
    "axiom.buildertool.cancel": "Скасувати",
    "axiom.editorui.mainmenu.select.clear": "Очистити",
    "axiom.editorui.window.palette.child_of": "Частина %s",
    "axiom.widget.cancel": "Скасувати",
    "axiom.capability.force_place.description": "Ігнорувати обмеження розміщення блоків",
    "axiom.editorui.mainmenu.toolmasks.clear": "Очистити",
    "axiom.editorui.window.analyze.clear_information": "Очистити",
    "axiom.editorui.window.clipboard.clear": "Очистити",
    "axiom.tool.clentaminator.clear": "Нічого",
    "axiom.tool.clentaminator": "Клентамінатор",
    "axiom.tool.slope.tutorial1": "Натисни раз щоб встановити позицію цілі",
    "axiom.buildertool.clone": "Клонування",
    "axiom.editorui.window.clipboard": "Буфер обміну",
    "axiom.editorui.window.blueprint_browser.close": "Закрити",
    "axiom.history_description.cloned": "Зклоновано %s блоків",
    "axiom.keymod.mac_cmd": "Cmd",
    "axiom.tool.magic_select.compare_mode": "Порівняти",
    "axiom.editorui.mainmenu.create.cone": "Конус...",
    "axiom.editorui.window.create_shape.cone": "Конус",
    "axiom.tool.slope.mode_cone": "Конус",
    "axiom.buildertool.confirm": "Підтвердити",
    "axiom.editorui.window.blueprint_browser.confirm": "Підтвердити",
    "axiom.widget.confirm": "Підтвердити",
    "axiom.editorui.window.create_shape.copied": "Скопійовано!",
    "axiom.keybind.context": "Контекстне меню",
    "axiom.editorui.mainmenu.edit.copy": "Копіювати",
    "axiom.keybinds.copy": "Копіювати",
    "axiom.editorui.mainmenu.create": "Створити",
    "axiom.editorui.window.analyze.block_count": "Кількість",
    "axiom.editorui.window.create_shape.copy_to_clipboard": "Копіювати до буферу обміну",
    "axiom.editorui.window.create_blueprint": "Створити Схему",
    "axiom.editorui.window.create_shape": "Створити форму",
    "axiom.widget.create_blueprint_tag": "Створити Тег",
    "axiom.editorui.crosshair": "Вказівник",
    "axiom.keymod.ctrl": "Ctrl",
    "axiom.tool.shape.cube": "Куб",
    "axiom.editorui.window.create_shape.cuboid": "Кубоїд",
    "axiom.editorui.mainmenu.create.cuboid": "Кубоїд",
    "axiom.tool.noise_painter.cumulative_distribution": "розподіл ймовірностей",
    "axiom.editorui.mainmenu.edit.cut": "Вирізати",
    "axiom.keybinds.cut": "Вирізати",
    "axiom.editorui.window.create_shape.cylinder": "Циліндр",
    "axiom.history_description.cut": "Вирізано %s блоків",
    "axiom.editorui.mainmenu.create.cylinder": "Циліндр...",
    "axiom.editorui.window.blueprint_browser.delete": "Видалити",
    "axiom.editorui.window.world_properties.day": "Доба",
    "axiom.tool.clentaminator.decorations": "Декорації",
    "axiom.widget.delete": "Видалити",
    "axiom.editorui.window.palette.delete": "Видалено %s",
    "axiom.history_description.deleted": "Видалено %s Блоків",
    "axiom.tool.sculpt_draw.denoise": "Зменшення шуму",
    "axiom.editorui.window.blueprint_browser.sort_by.descending": "Спадне",
    "axiom.history_description.deselected": "Скасовано вибір %s блоків",
    "axiom.history_description.deselected_all": "Скасовано вибір усіх блоків",
    "axiom.editorui.window.blueprint_browser.overflow_files_message": "Виявлено велику кількість змін файлів",
    "axiom.editorui.window.blueprint_browser.file_missing_message2": "Чи ви перемістили/видалили його через %s?",
    "axiom.tool.clentaminator.dirt_ground": "Брудна земля",
    "axiom.editorui.window.blueprint_browser.disable_auto_refresh": "Вимкнути автоматичне оновлення",
    "axiom.editorui.window.distort_selection.distance": "Дистанція",
    "axiom.tool.extrude.displace": "Витіснути",
    "axiom.tool.distort.distance": "Дистанція",
    "axiom.tool.distort.distance_x": "Дистанція X",
    "axiom.tool.distort.distance_y": "Дистанція Y",
    "axiom.tool.distort.distance_z": "Дистанція Z",
    "axiom.editorui.window.distort_selection.do_distort": "Деформувати",
    "axiom.editorui.window.target_info.distance": "Дистанція: %s",
    "axiom.tool.distort": "Деформувати",
    "axiom.editorui.window.palette.custom": "Своє",
    "axiom.editorui.window.distort_selection": "Деформувати вибране",
    "axiom.editorui.mainmenu.select.distort": "Деформувати...",
    "axiom.history_description.distorted": "Деформовано %s блоків",
    "axiom.editorui.mainmenu.operations.drain": "Висушити",
    "axiom.editorui.window.analyze.block_distribution": "Распр",
    "axiom.tool.distort.distortion": "Деформувати",
    "axiom.tool.slope.tutorial2": "Перетягніть з іншого місця, щоб намалювати нахил",
    "axiom.history_description.drew": "Намальовано %s блоків",
    "axiom.editorui.window.world_properties.noon": "Полудень",
    "axiom.editorui.window.tool_masks.mask_not": "Крім",
    "axiom.widget.ok": "Добре",
    "axiom.editorui.window.palette.invalid_name_duplicate": "Дублікат: %s вже існує",
    "axiom.editorui.mainmenu.edit": "Редагувати",
    "axiom.editorui.mainmenu.toolmasks.edit": "Редагувати",
    "axiom.editorui.window.blueprint_browser.edit_blueprint": "Редагувати Схеми",
    "axiom.keybind_categories.edit": "Редагування",
    "axiom.tool.elevation": "Підвищення",
    "axiom.history_description.elevation_tool": "Інструмент підвищення (%s блоків)",
    "axiom.editorui.window.clipboard.empty": "Пусто",
    "axiom.editorui.window.expand_selection.expand_selection_by": "Розширити вибране на",
    "axiom.editorui.mainmenu.select.expand": "Збільшити...",
    "axiom.history_description.expanded": "Збільшено на %s блоків",
    "axiom.tool.extrude": "Видавлення",
    "axiom.history_description.extrude_tool": "Інструммент видавлення (%s блоків)",
    "axiom.widget.false_block_property": "Ні",
    "axiom.tool.clentaminator.fertile_ocean_floor": "Продюче океанічне дно",
    "axiom.editorui.window.blueprint_browser.move_file_already_exists": "Файл '%s' вже існує у директорії",
    "axiom.editorui.window.blueprint_browser.file_missing_message1": "Файл '%s' більше не існує!",
    "axiom.editorui.mainmenu.operations.fill_category": "Заповнити",
    "axiom.editorui.window.fill": "Заповнюванння",
    "axiom.capability.airplane.title": "Покращене Літання",
    "axiom.editorui.mainmenu.operations.fill_bottom": "Заповнити дно...",
    "axiom.editorui.window.expand_selection.do_expand": "Збільшити",
    "axiom.widget.error": "Помилка",
    "axiom.editorui.mainmenu.operations.fill_nearest": "Заповнити Поблизу",
    "axiom.editorui.window.expand_selection": "Збільшити Вибір",
    "axiom.tool.extrude.mode.expand": "Збільшити",
    "axiom.editorui.mainmenu.operations.fill_outline": "Заповнити Контур...",
    "axiom.editorui.mainmenu.operations.fill_top": "Заповнити Верх...",
    "axiom.editorui.window.set_biome.fill_vertically": "Заповнити Вертикально",
    "axiom.tool.biome_painter.fill_vertically": "Заповнити Вертикально",
    "axiom.editorui.mainmenu.operations.fill_walls": "Заповнити Стіни...",
    "axiom.editorui.mainmenu.operations.fill_outline_description": "Заповнити всі краї виділення блоком",
    "axiom.editorui.mainmenu.operations.fill_bottom_description": "Заповнити нижні краї виділення блоком",
    "axiom.editorui.mainmenu.operations.fill_walls_description": "Заповніть горизонтальні краї виділення блоком",
    "axiom.editorui.mainmenu.operations.fill_description": "Заповнити виділення блоком",
    "axiom.editorui.mainmenu.operations.fill_top_description": "Заповнити верхні краї виділення блоком",
    "axiom.editorui.mainmenu.operations.fill": "Заповнити...",
    "axiom.keybinds.quick_fill.fill_with": "Заповнити за допомогою...",
    "axiom.editorui.window.blueprint_browser.file_browser_osx": "Пошук",
    "axiom.editorui.window.world_properties.fire_tick": "Розгорання вогню",
    "axiom.buildertool.first_point": "Перша точка",
    "axiom.editorui.window.tool_masks.mask_y": "Y",
    "axiom.tool.shatter.axis_x": "X",
    "axiom.tool.shatter.axis_y": "Y",
    "axiom.editorui.window.create_shape.yaw": "Вертикальна Вісь",
    "axiom.tool.ruler.yaw": "Вертикальна Вісь = %s",
    "axiom.tool.shatter.axis_z": "Z",
    "axiom.tool.smooth.fix_edges": "Виправити Краї",
    "axiom.editorui.window.blueprint_browser.file_browser_other": "твій браузер системних файлів",
    "axiom.tool.flatten": "Згладження",
    "axiom.editorui.mainmenu.operations.gravity": "Гравітацію",
    "axiom.editorui.mainmenu.help": "Довідка",
    "axiom.tool.heightmap.height": "Висота",
    "axiom.tutorial.tool_options": "Тут ви можете знайти параметри для вибраного інструменту.",
    "axiom.tool.rock.meld_strength.description": "Наскільки міцно інструмент зливається з землею\nНа це впливає 'Smoothing StdDev'",
    "axiom.capability.bulldozer.description": "Утримуйте %s, щоб дуже швидко розбивати блоки",
    "axiom.editorui.hold_for_more_options": "Утримуйте %s для отримання додаткових опцій",
    "axiom.editorui.window.history": "Історія",
    "axiom.editorui.window.create_shape.hollow": "порожній",
    "axiom.tool.rock.noisiness.description": "Наскільки сильно на блоки впливає поле шуму\n0 = без шуму, сферичний\n1 = сильний шум, краплі",
    "axiom.editorui.window.fill.inside": "Всередині",
    "axiom.editorui.window.tool_masks.mask_inselection": "у виборі",
    "axiom.tool.ruler.information": "Інформація",
    "axiom.tool.selection.intersect": "Перетинаються",
    "axiom.editorui.window.palette.invalid_name_blank": "Недійсне ім’я: поле не повинно бути пустим",
    "axiom.editorui.window.palette.invalid_name_contains_hash": "Недійсне ім'я: не повинно містити '#'",
    "axiom.keybind_options.invert_camera_rotate": "Інвертувати поворот камери",
    "axiom.tool.distort.iterations": "Ітерації",
    "axiom.tool.sculpt_draw.invert": "Перевертати",
    "axiom.tool.noise_painter.jitter": "Коливання",
    "axiom.editorui.window.clipboard.placement_options.keep_existing": "Продовжити Існування",
    "axiom.editorui.window.keybinds": "Клавіші",
    "axiom.editorui.mainmenu.help.keybinds": "Клавіші...",
    "axiom.editorui.left_mouse_short": "LMB",
    "axiom.tool.noise_painter.lacunarity": "Лакунарність",
    "axiom.tool.generic.limit": "Межа",
    "axiom.editorui.mainmenu.view.liquid_opacity": "Непрозорість рідини",
    "axiom.tool.generic.live_preview": "Живий перегляд",
    "axiom.editorui.window.tool_masks.logic": "Логіка",
    "axiom.tool.flatten.lock_y": "Заблокувати Y",
    "axiom.tool.flatten.locked_at": "Заблоковано на: %s",
    "axiom.editorui.middle_mouse_short": "СКМ",
    "axiom.tool.elevation.lower": "Опускання",
    "axiom.editorui.view.main_name": "Основне",
    "axiom.editorui.window.mask_selection.mask": "Маска",
    "axiom.editorui.window.mask_selection": "Вибір маски",
    "axiom.tool.magic_select": "Чарівний вибір",
    "axiom.editorui.window.create_blueprint.name": "Ім'я",
    "axiom.editorui.window.tool_masks.mask_near": "Поблизу",
    "axiom.editorui.window.blueprint_browser.new_folder": "Нова Папка",
    "axiom.editorui.window.blueprint_browser.new_folder_i": "New Folder (%s)",
    "axiom.editorui.window.tool_masks.mask_neighbor": "Сусідній",
    "axiom.editorui.view.create_new": "Новий вид",
    "axiom.editorui.view.new_view_name": "Новий вид",
    "axiom.editorui.window.world_properties.night": "Ніч",
    "axiom.history_description.flatten_tool": "Інструмент Приплющування (%s блоків)",
    "axiom.keybinds.flip_placement": "Віддзеркалити схему",
    "axiom.capability.force_place.title": "Швидке ставлення",
    "axiom.tool.freehand_draw": "Ручне Малювання",
    "axiom.tool.freehand_select": "Ручне Виділення",
    "axiom.editorui.window.world_properties.freeze_time": "Заморозити час",
    "axiom.widget.from_block": "З",
    "axiom.tool.clentaminator.grass": "Трава",
    "axiom.tool.noise_painter.gain": "Посилення",
    "axiom.tool.clentaminator.grassiness": "Травянистість",
    "axiom.tool.clentaminator.gravel_ground": "Гравійний грунт",
    "axiom.tool.smooth.mode_grow": "Взращювання",
    "axiom.tool.generic.mask_surface": "Маскою по поверхні",
    "axiom.editorui.mainmenu.select.mask": "Маска...",
    "axiom.tool.sculpt_draw.mask_y": "Маска по Y",
    "axiom.editorui.window.tool_masks.masks": "Маски",
    "axiom.tool.ruler.maximum": "Максимум = %s, %s, %s",
    "axiom.tool.melt": "Плавка",
    "axiom.tool.rock.meld_strength": "Міцність розплавлення",
    "axiom.tool.smooth.mode_melt": "Плавка",
    "axiom.history_description.melted": "Розплавленно %s блоків",
    "axiom.tool.noise_painter.metaball_noise": "Metaball",
    "axiom.editorui.window.world_properties.midnight": "Опівночі",
    "axiom.editorui.mainmenu.view.min_brightness": "Мінімальна яскравість",
    "axiom.tool.roughen.min_faces": "Мінімальна кількість граней",
    "axiom.tool.ruler.minimum": "Мінімум = %s, %s, %s",
    "axiom.editorui.window.world_properties.mob_spawning": "Поява істот",
    "axiom.tool.elevation.raise_lower_mode": "Режим",
    "axiom.tool.extrude.mode": "Режим",
    "axiom.tool.selection.mode": "Режим",
    "axiom.tool.slope.mode": "Режим",
    "axiom.tool.smooth.modifiers": "Модифікатори",
    "axiom.capability.airplane.description": "Більш точний політ - без ковзання та рух у напрямку камери",
    "axiom.buildertool.move": "Переміщення",
    "axiom.editorui.window.blueprint_browser.move_file": "Перемістити",
    "axiom.keybinds.move_backward": "Рух назад",
    "axiom.keybinds.move_down": "Рух вниз",
    "axiom.keybinds.move_forward": "Рух вперед",
    "axiom.history_description.moved": "Переміщено %s блоків",
    "axiom.keybinds.move_left": "Рух вліво",
    "axiom.keybinds.move_quick": "Біг",
    "axiom.keybinds.move_right": "Рух вправо",
    "axiom.keybinds.move_up": "Рух вверх",
    "axiom.keybind_categories.movement": "Рух",
    "axiom.tool.extrude.displace_expand_description": "Переміщує поверхні товщиною в один блок замість того щоб клонувати їх",
    "axiom.tool.extrude.displace_shrink_description": "Переміщає поверхні товщиною в один блок замість видалення їх",
    "axiom.editorui.multiple_keybinds": "Декілька",
    "axiom.tool.ruler.no_information": "Н/Д",
    "axiom.editorui.window.blueprint_browser.sort_by.name": "Назвою",
    "axiom.editorui.window.history.no_history": "Немає історії",
    "axiom.editorui.window.tool_options.no_active_tool": "Немає активного інструмента",
    "axiom.capability.no_updates.title": "Без оновлень блоків",
    "axiom.editorui.window.blueprint_browser.file_missing": "Такого файлу не існує!",
    "axiom.editorui.window.target_info.no_target": "Немає цілі",
    "axiom.tool.generic.noise": "Шум",
    "axiom.tool.noise_painter": "Кисть шуму",
    "axiom.tool.rock.noise_field_seed": "Зерно шуму",
    "axiom.editorui.window.distort_selection.noise_radius": "Радіус шуму",
    "axiom.tool.noise_painter.noise_preview": "Попередній перегляд шуму",
    "axiom.tool.rock.noise_radius": "Радіус шуму",
    "axiom.tool.rock.noisiness": "Шумність",
    "axiom.editorui.mainmenu.operations": "Операції",
    "axiom.editorui.no_keybind": "Жодного",
    "axiom.keybind_categories.operations": "Операції",
    "axiom.keybind.orbit_camera": "Орбітальна камера",
    "axiom.tool.noise_painter.octaves": "Октави",
    "axiom.tool.shape.octahedron": "Октаедр",
    "axiom.editorui.window.fill.outline": "Контур",
    "axiom.editorui.window.blueprint_browser.overflow_files": "Переповнений!",
    "axiom.editorui.window.blueprint_browser.move_file_overwrite": "Перезаписати",
    "axiom.editorui.window.palette": "Палітра",
    "axiom.history_description.painted": "Пофарбовано %s блоків",
    "axiom.tool.painter": "Кисть",
    "axiom.keybinds.pan_camera": "Панорамна камера",
    "axiom.editorui.window.clipboard.placement_options.paste_air": "Вставляти повітря",
    "axiom.keybinds.paste": "Вставити",
    "axiom.keybinds.pick_block": "Вибір блока",
    "axiom.editorui.pin_location": "Закріпити розташування",
    "axiom.editorui.pin_world": "Закріпити світ",
    "axiom.editorui.window.create_shape.pitch": "Нахил",
    "axiom.tool.ruler.pitch": "Нахил = %s",
    "axiom.editorui.window.create_shape.do_place": "Розмістити",
    "axiom.history_description.placed_blueprint": "%s розміщено",
    "axiom.history_description.placed": "Розміщено %s блоків",
    "axiom.keybind_categories.placement": "Розміщення",
    "axiom.editorui.window.clipboard.placement_options": "Параметри Розміщення",
    "axiom.editorui.window.world_properties.player": "Гравець",
    "axiom.tool.slope.mode_plane": "Плоский",
    "axiom.editorui.window.target_info.position": "Позиція: %s, %s, %s",
    "axiom.editorui.window.world_properties.player_invulnerability": "Безсмертнісь",
    "axiom.tool.box_select.position": "Позиція",
    "axiom.tool.ruler.point_i": "Точка %s",
    "axiom.tool.ruler.points": "Точки",
    "axiom.capability.no_updates.description": "Запобігає оновленню сусідніх блоків при розміщенні/ламанні",
    "axiom.editorui.mainmenu.create.pyramid": "Піраміда...",
    "axiom.editorui.window.create_shape.pyramid": "Піраміда",
    "axiom.tool.noise_painter.probability_density": "Щільність розподілу ймовірностей",
    "axiom.widget.block_properties": "Властивості",
    "axiom.keybinds.quick_fill": "Швидка Заливка",
    "axiom.editorui.right_mouse_short": "RMB",
    "axiom.editorui.window.create_shape.radius": "Радіус",
    "axiom.keybinds.quick_replace": "Швидка Заміна",
    "axiom.tool.generic.brush_radius": "Радіус",
    "axiom.editorui.window.world_properties.random_tick_speed": "Random Tick Speed",
    "axiom.tool.elevation.raise": "Підняття",
    "axiom.tool.generic.noise_seed_do_randomize": "Випадковий Сід",
    "axiom.tool.rock.noise_field_seed.hint": "Випадковий",
    "axiom.tool.magic_select.range": "Діапазон",
    "axiom.tool.noise_painter.metaball_range": "Діапазон",
    "axiom.tool.roughen.ratio": "Співвідношення",
    "axiom.editorui.mainmenu.edit.redo": "Переробити",
    "axiom.editorui.mainmenu.edit.redo_named": "Переробити %s",
    "axiom.editorui.window.palette.recently_used": "Нещодавно Використане",
    "axiom.keybinds.redo": "Переробити",
    "axiom.editorui.window.blueprint_browser.reload": "Перезагрузити",
    "axiom.tool.roughen.mode_remove": "Видалити",
    "axiom.tool.ruler.remove_point_i": "Видалити Точку %s",
    "axiom.widget.remove_blueprint_tag": "Видалити",
    "axiom.capability.replace_mode.title": "Режим Замінювання",
    "axiom.editorui.window.blueprint_browser.rename_file": "Перейменувати файл",
    "axiom.editorui.window.palette.remove_block": "Видалити блок",
    "axiom.editorui.window.palette.rename": "Перейменувати %s",
    "axiom.editorui.window.replace": "Замінювання",
    "axiom.editorui.window.replace.do_replace": "Замінити",
    "axiom.keybinds.quick_replace.replace_from": "Замінити з",
    "axiom.keybinds.quick_replace.replace_to": "Замінити на",
    "axiom.tool.selection.replace": "Замінювання",
    "axiom.widget.rename": "Перейменувати",
    "axiom.editorui.mainmenu.operations.fill_nearest_description": "Заміняє блоки повітря найближчими до них не повітряними блоками",
    "axiom.editorui.mainmenu.operations.replace": "Замінити...",
    "axiom.tool.generic.reset_to_default": "Скинути до початкового",
    "axiom.capability.replace_mode.description": "Клацніть блоки правою кнопкою миші, щоб замінити їх блоком що у вас в руці",
    "axiom.tool.flatten.right_click_to_lock": "Права кнопка миші , щоб замкнути",
    "axiom.history_description.rock_tool": "Інструмент Створення Камнів (%s блоків)",
    "axiom.tool.rock": "Інтструмент Створення Камнів",
    "axiom.tool.ruler": "Лінійка",
    "axiom.tool.clentaminator.sand": "Пісок",
    "axiom.tool.distort.scale": "Розмір",
    "axiom.tool.noise_painter.scale": "Розмір",
    "axiom.tool.shatter.scale": "Розмір",
    "axiom.editorui.window.clipboard.n_blocks": "%s блоків",
    "axiom.editorui.mainmenu.help.debug_info": "Інфо про Налагодження",
    "axiom.editorui.window.debug_info": "Інфо про Налагодження",
    "axiom.history_description.drained_n": "Висушено %s водяних блоків",
    "axiom.editorui.window.create_shape.height": "Висота",
    "axiom.editorui.window.fill.do_fill": "Заповнити",
    "axiom.editorui.mainmenu.help.reset_tutorial": "Cкинути Туторіал",
    "axiom.editorui.window.create_shape.roll": "Крен",
    "axiom.keybinds.rotate_camera": "Обернути Камеру",
    "axiom.keybinds.rotate_placement": "Обернути Розміщення",
    "axiom.editorui.window.clipboard.placement_options.rotate": "Обернути...",
    "axiom.editorui.window.create_blueprint.save_blueprint": "Зберегти Схему",
    "axiom.editorui.mainmenu.edit.save_blueprint": "Зберегти Схему",
    "axiom.editorui.window.create_blueprint.save": "Зберегти",
    "axiom.keybinds.save_blueprint": "Зберегти Схему",
    "axiom.key.scroll_down": "Прогорнути Вниз",
    "axiom.key.scroll_left": "Прогорнути Вліво",
    "axiom.key.scroll_right": "Прогорнути Вправо",
    "axiom.key.scroll_up": "Прогорнути Вгору",
    "axiom.buildertool.clone.scroll": "Прокрутіть щоб скопіювати",
    "axiom.buildertool.move.scroll": "Прокрутіть щоб перемістити",
    "axiom.buildertool.smear.scroll": "Прокрутіть щоб розтягнути",
    "axiom.widget.search_block": "Пошук",
    "axiom.editorui.mainmenu.select": "Вибрання",
    "axiom.widget.select_block": "Вибрати блок",
    "axiom.buildertool.second_point": "Друга Точка",
    "axiom.history_description.sculpt_draw_tool": "Інсутрумент Ліплення (%s блоків)",
    "axiom.history_description.selected": "Вибрано %s блоків",
    "axiom.history_description.selected_additional": "Вибрано +%s блоків",
    "axiom.tool.sculpt_draw": "Інсутрумент Ліплення",
    "axiom.tool.generic.noise_seed": "Сід",
    "axiom.tool.selection": "Вибір",
    "axiom.editorui.window.create_shape.separate_xyz": "Окремі XYZ",
    "axiom.tool.distort.separate_axis": "Окрема Вісь",
    "axiom.editorui.window.create_shape.separate_xz": "Окремі XZ",
    "axiom.editorui.window.world_properties.unavailable_description": "Сервер не підтримує редагування властивостей світу",
    "axiom.history_description.set_n_blocks_to": "Змінено %s блоків на %s",
    "axiom.editorui.window.set_biome": "Додати Біом",
    "axiom.editorui.mainmenu.operations.set_biome": "Додати Біом...",
    "axiom.editorui.window.create_shape.shape": "Форма",
    "axiom.editorui.window.set_biome.do_set_biome": "Додати Біом",
    "axiom.tool.generic.brush_shape": "Форма",
    "axiom.tool.heightmap.sharpness": "Гострість",
    "axiom.tool.shatter": "Розбиття",
    "axiom.history_description.shatter": "Розбито %s блоків",
    "axiom.keymod.shift": "Shift",
    "axiom.keybinds.show_biomes": "Показати Біоми",
    "axiom.editorui.mainmenu.view.show_biomes": "Показати Біоми",
    "axiom.editorui.window.shrink_selection": "Зменшити Вибір",
    "axiom.editorui.window.shrink_selection.do_shrink": "Зменшити",
    "axiom.keybinds.show_selection": "Показати Вибір",
    "axiom.tool.box_select.shrink": "Зменшити",
    "axiom.tool.extrude.mode.shrink": "Зменшити",
    "axiom.editorui.mainmenu.view.show_key_presses": "Показувати Натиснуті Клавіші",
    "axiom.editorui.mainmenu.view.show_selection": "Показати Вибір",
    "axiom.editorui.window.shrink_selection.shrink_selection_by": "Зменшити Вибір у",
    "axiom.editorui.mainmenu.select.shrink": "Зменшгити...",
    "axiom.tool.box_select.shrink_description": "Зменшити вибір позубувшись повітряних блоків",
    "axiom.history_description.shrunk": "Зменшено %s блоків",
    "axiom.tool.noise_painter.simplex_noise": "Симплекс",
    "axiom.tool.box_select.size": "Розмір",
    "axiom.editorui.mainmenu.operations.simulation_category": "Симуляція",
    "axiom.tool.text.text_size": "Розмір",
    "axiom.tool.slope": "Схил",
    "axiom.history_description.slope_tool": "Інструмент Схилу (%s блоків)",
    "axiom.buildertool.smear": "Розтягування",
    "axiom.editorui.window.smooth_selection.do_smooth": "Згладити",
    "axiom.editorui.window.smooth_selection": "Гладкий Вибір",
    "axiom.history_description.smeared": "Розтягнено %s блоків",
    "axiom.tool.distort.smooth_edges": "Гладкі Краї",
    "axiom.tool.smooth": "Згладжування",
    "axiom.editorui.mainmenu.select.smooth": "Згладжування...",
    "axiom.tool.magic_select.compare_solid": "Твердий",
    "axiom.tutorial.active_block": "Деякі інструменти потребують блоку для малювання або розміщення. Ви можете натиснути на значок блоку, щоб перемикати блоки",
    "axiom.editorui.mainmenu.create.sphere": "Сфера...",
    "axiom.editorui.window.blueprint_browser.sort_by": "Сортувати за:",
    "axiom.editorui.window.create_shape.sphere": "Сфера",
    "axiom.history_description.smoothed": "Згладженно %s блоків",
    "axiom.tool.rock.smoothing_stddev": "Згладжування стандартного відхилення",
    "axiom.tool.generic.smoothing_options": "Згладження",
    "axiom.tool.shape.sphere": "Сфера",
    "axiom.tool.smooth.mode_stable": "Стабільний",
    "axiom.editorui.window.smooth_selection.stddev": "стандартне відхилення",
    "axiom.tool.clentaminator.stone": "Камінь",
    "axiom.tool.sculpt_draw.strength": "Сила",
    "axiom.tool.smooth.strength": "Сила",
    "axiom.tool.weld.strength": "Сила",
    "axiom.tool.selection.subtract": "Відняти",
    "axiom.keymod.super": "Super",
    "axiom.tool.generic.surface_only": "Тільки поверхня",
    "axiom.widget.block_tags": "Теги",
    "axiom.editorui.window.target_info": "Цільова інформація",
    "axiom.editorui.window.target_info.targeted_biome": "Цільовий біом: %s",
    "axiom.editorui.window.target_info.targeted_block": "Цільовий блок: %s",
    "axiom.tool.clentaminator.terrain": "Рельєф місцевості",
    "axiom.widget.blueprint_tags": "Теги",
    "axiom.tool.text": "Текст",
    "axiom.tool.text.text_input": "Текст",
    "axiom.editorui.window.keybinds.conflicts_with": "Це прив'язування суперечить з:",
    "axiom.tutorial.tools_window": "Це вікно інструментів. Тут ви можете вибрати інструменти для малювання, тераформування, створення виділень тощо. (Підказка: натисніть на ці спливаючі вікна, щоб продовжити)",
    "axiom.editorui.window.palette.cannot_be_undone": "Цю операцію НЕ МОЖНА скасувати",
    "axiom.history_description.text_tool": "Текстовий інструмент (%s блоків)",
    "axiom.tutorial.main_window": "Це головне вікно перегляду. Зверніться до нижнього лівого кута, щоб переглянути список дій, які можна виконувати за допомогою миші",
    "axiom.tool.noise_painter.block_mode_threshold": "Поріг",
    "axiom.tool.weld.threshold": "Поріг",
    "axiom.capability.tinker.title": "Тінкер",
    "axiom.editorui.window.palette.this_will_delete_children": "Це також видалить усіх %s дочірніх елементів",
    "axiom.editorui.window.smooth_selection.threshold": "Поріг",
    "axiom.editorui.window.world_properties.time": "Час",
    "axiom.keybind.toggle_bulldozer_cap": "Перемкнути Бульдозер",
    "axiom.keybind.toggle_editor_ui": "Перемкнути інтерфейс редактора",
    "axiom.keybind.toggle_enhanced_flight_cap": "Перемкнути покращений політ",
    "axiom.keybind.toggle_force_place_cap": "Перемкнути швидке ставлення",
    "axiom.widget.to_block": "На",
    "axiom.keybind.toggle_no_updates_cap": "Перемкнути «Без оновлень».",
    "axiom.editorui.window.tool_masks": "Маски для інструментів",
    "axiom.keybind.toggle_replace_mode_cap": "Перемкнути режим заміни",
    "axiom.keybind.toggle_tinker_cap": "Перемкнути Тінкер",
    "axiom.editorui.mainmenu.toolmasks": "Маски для інструментів",
    "axiom.editorui.window.tool_options": "Параметри інструмента",
    "axiom.editorui.window.tools": "Інструменти",
    "axiom.editorui.window.fill.top": "Верх",
    "axiom.tool.ruler.total_length_euclidean": "Загальна довжина (евклідова) = %s",
    "axiom.tool.ruler.total_length_manhattan": "Загальна довжина (Манхеттен) = %s",
    "axiom.editorui.window.block_distribution_total": "Всього",
    "axiom.editorui.window.world_properties.trample_farmland": "Топтати Рілля",
    "axiom.widget.true_block_property": "Так",
    "axiom.editorui.mainmenu.edit.undo": "Відмінити",
    "axiom.editorui.mainmenu.edit.undo_named": "Відмінити %s",
    "axiom.keybinds.undo": "Відмінити",
    "axiom.editorui.window.keybinds.unbind": "Розв'язати",
    "axiom.editorui.window.world_properties.unavailable": "Недоступний",
    "axiom.editorui.mainmenu.view.ui_scale": "Наближення інтерфейсу користувача",
    "axiom.capability.tinker.description": "Різні корисні взаємодії при клацанні правою кнопкою миші рукою",
    "axiom.editorui.window.blueprint_browser.unnamed_blueprint": "Без назви",
    "axiom.keybind_options.use_vanilla_movement": "Використовувати Ванільний рух",
    "axiom.keybind_categories.view": "Показувати",
    "axiom.keybinds.use_tool": "Використовувати інструмент",
    "axiom.tool.biome_painter.visualize_biomes": "Показувати Біоми",
    "axiom.tool.flatten.unlock_y": "Розблокувати Y",
    "axiom.editorui.mainmenu.view": "Показувати",
    "axiom.tool.shatter.use_active_block": "Використовувати активний блок",
    "axiom.widget.use_blueprint_tag": "Використовувати тег",
    "axiom.tool.noise_painter.voronoi_edges": "Voronoi Edges",
    "axiom.editorui.window.fill.walls": "Стіни",
    "axiom.tool.noise_painter.white_noise": "Білий",
    "axiom.editorui.window.create_shape.width": "Ширина",
    "axiom.history_description.waterlogged_n": "Заболоченно %s блоків",
    "axiom.history_description.welded": "Зваренно %s блоків",
    "axiom.editorui.mainmenu.operations.waterlog": "Заболочення",
    "axiom.editorui.spectators_generate_chunks_warning": "Попередження: Правило гри spectatorsGenerateChunks False, це спричинить серйозні проблеми з інтерфейсом редактора. Будь ласка, встановіть для правила гри значення true",
    "axiom.tool.weld": "Зварити",
    "axiom.tool.shatter.width": "Ширина",
    "axiom.tool.noise_painter.worley_noise": "Worley",
    "axiom.editorui.window.blueprint_browser.file_browser_win": "Windows Explorer",
    "axiom.editorui.window.world_properties": "Властивості світа",
    "axiom.editorui.mainmenu.window": "Вікно",
    "axiom.editorui.mainmenu.window.windows": "Вікна",
    "axiom.keymod.win_super": "Win",
    "axiom.tool.roughen": "Спотворити",
    "axiom.buildertool.stack": "Складати",
    "axiom.buildertool.stack.scroll": "Прокрутіть щоб скласти",
    "axiom.history_description.stacked": "Складено %s блоків",
    "axiom.history_description.roughen_tool": "Інструмент Спотворення (%s блоків)",
    "axiom.editorui.window.style_editor.base_style": "Основний стиль",
    "axiom.tutorial.selection2": "%s можуть бути використаними для заповнення виділення блоками\n%s дозволяє тобі змінити блоки\n%s/%s/Видаліть щоб скопіювати/вирізати/видалити",
    "axiom.editorui.window.keybinds.load_axiom_defaults": "Axiom за Замовчуванням",
    "axiom.editorui.window.keybinds.load_blender_defaults": "Blender-like",
    "axiom.editorui.window.style_editor.border_color": "Край",
    "axiom.editorui.window.style_editor.borders_category": "Краї",
    "axiom.editorui.window.style_editor.button": "Кнопка",
    "axiom.editorui.window.style_editor.button_active": "Кнопка (Активна)",
    "axiom.editorui.window.style_editor.button_hovered": "Кнопка (Наведена)",
    "axiom.editorui.window.style_editor.checkmark": "Галочка",
    "axiom.editorui.window.style_editor.color": "Колір",
    "axiom.tutorial.continue": "Продовжити",
    "axiom.keybinds.crosshair_camera": "Курсор",
    "axiom.editorui.window.style_editor.copied": "Скопійовано!",
    "axiom.editorui.window.style_editor.custom_theme": "Власний Вигляд",
    "axiom.editorui.window.style_editor.disabled_text": "Вимкнутий Текст",
    "axiom.editorui.window.style_editor.export_to_clipboard": "Експортувати до Буферу Обміну",
    "axiom.editorui.window.style_editor.child_borders": "Кордони дочірніх елементів",
    "axiom.editorui.window.style_editor.child_rounding": "Заокруглення дочірніх елементів",
    "axiom.editorui.window.style_editor.docking_empty_background": "Порожній фон при закріпленні",
    "axiom.editorui.window.style_editor.docking_preview": "Перегляд закріплення",
    "axiom.editorui.window.style_editor.drag_drop_target": "Цільовий об'єкт перетягування",
    "axiom.history_description.fill_nearest": "Заповнено %s найближчих блоків",
    "axiom.buildertool.clone.finish": "Закінчити",
    "axiom.editorui.window.style_editor.frame_category": "Елемент",
    "axiom.editorui.window.style_editor.frame_background": "фон Елементу",
    "axiom.editorui.window.style_editor.frame_background_active": "фон Елементу (Активний)",
    "axiom.editorui.window.style_editor.frame_background_hovered": "фон Елементу (підсвічений)",
    "axiom.editorui.window.style_editor.frame_borders": "Межі елементів",
    "axiom.editorui.window.style_editor.frame_rounding": "Округлення елементів",
    "axiom.editorui.window.style_editor.header_active": "Заголовок (активний)",
    "axiom.editorui.window.style_editor.header": "Заголовок",
    "axiom.editorui.window.style_editor.header_hovered": "Заголовок (підсвічений)",
    "axiom.editorui.styles.imgui_dark": "ImGui Темна",
    "axiom.editorui.styles.imgui_light": "ImGui Світла",
    "axiom.editorui.window.style_editor.import_from_clipboard": "Завантажити з буфера обміну",
    "axiom.capability.infinite_reach.title": "Нескінченна дальність",
    "axiom.editorui.window.keybinds.load_default": "Завантажити стандартні...",
    "axiom.editorui.window.style_editor.menu_bar_background": "Фон рядків меню",
    "axiom.editorui.window.style_editor.other_category": "Інший",
    "axiom.editorui.window.style_editor.popup_background": "Фон меню, що випадають",
    "axiom.editorui.window.style_editor.popup_borders": "Межі меню, що випадають",
    "axiom.editorui.window.style_editor.popup_rounding": "Округлення меню, що випадають",
    "axiom.capability.infinite_reach.description": "Забирає обмеження досягання блоків",
    "axiom.editorui.window.style_editor.reset": "Скинути",
    "axiom.editorui.window.style_editor.resize_grip": "Елемент зміни розміру",
    "axiom.editorui.window.style_editor.resize_grip_active": "Елемент зміни розміру (активний)",
    "axiom.editorui.window.style_editor.resize_grip_hovered": "Елемент зміни розміру (підсвічений)",
    "axiom.editorui.window.style_editor.revert": "Скинути",
    "axiom.editorui.window.style_editor.rounding_category": "Округлення",
    "axiom.editorui.window.style_editor.scrollbar_category": "Полоса прокрутки",
    "axiom.editorui.window.style_editor.scrollbar_background": "Фон смуги прокручування",
    "axiom.editorui.window.style_editor.scrollbar_grab": "Полоса прокрутки",
    "axiom.editorui.window.style_editor.scrollbar_grab_active": "Смуга прокручування (активна)",
    "axiom.editorui.window.style_editor.scrollbar_grab_hovered": "Смуга прокручування (підсвічена)",
    "axiom.editorui.window.style_editor.scrollbar_rounding": "Заокруглення смуги прокручування",
    "axiom.editorui.window.style_editor.separator": "Розділювач",
    "axiom.editorui.window.style_editor.separator_active": "Розділювач (активний)",
    "axiom.editorui.window.style_editor.separator_hovered": "Розділювач (підсвічений)",
    "axiom.editorui.window.style_editor.sizes": "Розміри",
    "axiom.editorui.window.style_editor.slider_grab": "Слайдер",
    "axiom.editorui.window.style_editor.slider_grab_active": "Слайдер (активний)",
    "axiom.editorui.window.style_editor.slider_grab_rounding": "Скруглення слайдера",
    "axiom.editorui.mainmenu.help.style_editor": "Редактор стилів...",
    "axiom.editorui.window.style_editor": "Редактор стилів",
    "axiom.editorui.window.style_editor.tab": "Вкладка",
    "axiom.editorui.window.style_editor.tab_active": "Вкладка (активна)",
    "axiom.editorui.window.style_editor.tab_hovered": "Вкладка (підсвічена)",
    "axiom.editorui.window.style_editor.tab_borders": "Межі вкладки",
    "axiom.editorui.window.style_editor.tab_rounding": "Заокруглення вкладки",
    "axiom.editorui.window.style_editor.table_border_light": "Межі таблиці (внутрішні)",
    "axiom.editorui.window.style_editor.table_border_strong": "Межі таблиці (зовнішні)",
    "axiom.editorui.window.style_editor.text": "Текст",
    "axiom.editorui.window.style_editor.text_category": "Текст",
    "axiom.editorui.window.style_editor.theme_name": "Назва теми",
    "axiom.editorui.window.style_editor.theme_parameters": "Параметри теми",
    "axiom.tutorial.selection1": "Це виділення.\nВоно дозволяє обмежувати використання інструментів та операцій.\nУсі зміни у світі відбуватимуться у межах виділень.\nНатисніть Enter, щоб скасувати виділення",
    "axiom.tutorial.box_select_tool1": "Це інструмент прямокутного виділення\nВін дозволяє виділити блоки між двома точками",
    "axiom.tutorial.clentaminator_tool": "Це Клентомінатор.\nВін дозволяє малювати різними ландшафтами та декораціями.\nКорисний, коли потрібно швидко стилізувати область",
    "axiom.tutorial.magic_select_tool": "Це інструмент ухилу.\nВін дозволяє створювати ухили між двома точками.",
    "axiom.tutorial.slope_tool1": "Це головний екран.\n%s для повороту камери\n%s для використання інструменту\n%s для використання орбітальної камери\nВикористовуйте коліщатко мишки, щоб швидко рухатися вперед і назад",
    "axiom.editorui.window.style_editor.title_background": "Фон заголовка",
    "axiom.tutorial.sculpt_draw_tool": "Це - вікно інструментів. Тут можна вибрати інструменти для малювання, тераформування, виділення і т.д.",
    "axiom.tutorial.box_select_tool2": "Щоб розпочати роботу з інструментом, клацніть в одній точці, перетягніть мишу в іншу точку та відпустіть.\nПісля цього можна налаштувати виділення, натиснувши на кути або центр.\nНатисніть Enter, щоб підтвердити виділення",
    "axiom.editorui.window.style_editor.title_background_active": "Фон заголовка (активний)",
    "axiom.editorui.window.style_editor.title_background_collapsed": "Фон заголовка (згорнутий)",
    "axiom.tutorial.slope_tool2": "Щоб скористатися інструментом, натисніть один раз, щоб встановити початкову позицію. Потім перетягніть мишу в інше місце і затисніть кнопку, щоб малювати ухил між двома точками",
    "axiom.editorui.window.style_editor.unfocused_tab": "Вкладка поза фокусом",
    "axiom.editorui.window.style_editor.widget_category": "Віджет",
    "axiom.editorui.window.style_editor.unfocused_tab_active": "Вкладка поза фокусом (активна)",
    "axiom.editorui.window.style_editor.window_category": "Вікно",
    "axiom.editorui.window.style_editor.window_background": "Фон вікна",
    "axiom.editorui.window.style_editor.window_borders": "Рамки вікна",
    "axiom.editorui.window.style_editor.window_rounding": "Округлення вікна",
    "axiom.buildertool.erase.delete": "Видалити",
    "axiom.editorui.mainmenu.help.discord_server": "Діскорд Сервер...",
    "axiom.editorui.window.tool_masks.mode_dest": "Тільки Ціль",
    "axiom.editorui.mainmenu.help.documentation": "Документація...",
    "axiom.editorui.window.palette.custom_empty": "Пусто",
    "axiom.buildertool.erase": "Стирачка",
    "axiom.buildertool.erase.erase_box": "Коробка Стирання",
    "axiom.tool.clentaminator.farmland": "Рілля",
    "axiom.capability.fast_place.title": "Швидке Ставлення",
    "axiom.contextmenu.flight_momentum": "Імпульс Польоту",
    "axiom.tool.floodfill": "Об'ємне Заповнення",
    "axiom.history_description.floodfilled": "Заповнено %s блоків",
    "axiom.tool.clentaminator.fully_grown": "Повністю Дорослий",
    "axiom.tool.gradient_painter.gradient": "Градієнт",
    "axiom.tool.clentaminator.grass_block": "Трава",
    "axiom.tool.gradient_painter": "Пензлик Градієнтів",
    "axiom.toasts.disabled": "'%s' були виключені",
    "axiom.toasts.enabled": "'%s' були включені",
    "axiom.tool.gradient_painter.gradient_interpolation_bezier": "Безьє",
    "axiom.buildertool.scroll_extend": "Натисніть щоб Збільшити",
    "axiom.tool.clentaminator.crop_type": "Вид Урожаю",
    "axiom.tool.clentaminator.crops": "Урожай",
    "axiom.buildertool.erase.erase_connected": "Стерти З'єднанні",
    "axiom.contextmenu.infinite_reach_limit": "Ліміт Безкіннечного Досягання: %s блоків",
    "axiom.contextmenu.infinite_reach_limit_none": "Ліміт Безкінечного Досягання: ∞",
    "axiom.tool.gradient_painter.gradient_interpolation": "Інтерполяція",
    "axiom.tool.gradient_painter.gradient_interpolation_linear": "Лінійна",
    "axiom.contextmenu.liquid_opacity": "Прозорість Рідини: %s%%",
    "axiom.contextmenu.min_brightness": "Мінімальна Яскравість: %s%%",
    "axiom.editorui.window.tool_masks.mode": "Режим",
    "axiom.history_description.modified": "Змінено %s блоків",
    "axiom.tool.clentaminator.moist_farmland": "Вологість",
    "axiom.tool.gradient_painter.gradient_interpolation_nearest": "Найближа",
    "axiom.capability.fast_place.description": "Дає можливість ставити блоки швидко але контрольовано",
    "axiom.tool.gradient_painter.gradient_shape_plane": "Панельна",
    "axiom.tool.gradient_painter.gradient_shape": "Фігура",
    "axiom.editorui.window.tool_masks.mode_source_and_dest": "Джерело і Призначення",
    "axiom.tool.noise_painter.splatter_noise": "Бризки",
    "axiom.editorui.window.tool_masks.mode_source": "Тільки Джерело",
    "axiom.tool.clentaminator.tall_grass_block": "Висока Трава",
    "axiom.tool.gradient_painter.gradient_shape_sphere": "Сфера",
    "axiom.keybind.toggle_fast_place_cap": "Вклч/Виклч. Швидке Ставлення",
    "axiom.keybind.toggle_infinite_reach_cap": "Вклч/Виклч. Безкінечне Досягання",
    "axiom.contextmenu.type_replace": "Письмова Заміна",
    "axiom.editorui.window.palette.unknown_custom_block": "Невідомий Спецальний Блок"
}
